"","Date","Year","Month","Load","rsds","temp","wspd","Wday","RH"
"1",2017-01-01,2017,1,1226.038752,228.333333333333,23.2,4.1,1,21.4
"2",2017-01-02,2017,1,1286.396832,227.416666666667,22.7,4,0,19.3
"3",2017-01-03,2017,1,1290.2,229.625,23.6,4,0,18.7
"4",2017-01-04,2017,1,1301.11176,228.583333333333,23.9,3.4,0,20
"5",2017-01-05,2017,1,1308.9,229.666666666667,24,3.2,0,18
"6",2017-01-06,2017,1,1315.2,230.083333333333,24.5,3.2,0,17.5
"7",2017-01-07,2017,1,1312.3,228.375,25.6,3.7,1,15.9
"8",2017-01-08,2017,1,1267,233.375,25.1,3.3,1,12.9
"9",2017-01-09,2017,1,1304.27056,235.916666666667,24.4,3.3,0,13.3
"10",2017-01-10,2017,1,1372.4,231.208333333333,23.4,2.1,0,14.3
"11",2017-01-11,2017,1,1398.7,218.25,23.7,1.5,0,15.9
"12",2017-01-12,2017,1,1448.9,235.5,23.6,3.1,0,9.8
"13",2017-01-13,2017,1,1474,233,22.2,4.7,0,14.4
"14",2017-01-14,2017,1,1375.9,238.958333333333,22.1,3.7,1,13.9
"15",2017-01-15,2017,1,1094.725856,237.625,23.3,2.7,1,13.9
"16",2017-01-16,2017,1,1265.510968,229.541666666667,25,1.9,0,13.4
"17",2017-01-17,2017,1,1296.8168,225.25,26.7,3,0,9.2
"18",2017-01-18,2017,1,1291.925128,230.333333333333,27,2.6,0,9.6
"19",2017-01-19,2017,1,1370.6,208.208333333333,27.4,2.6,0,11.3
"20",2017-01-20,2017,1,1371.92644,222.75,28.5,3.9,0,13.1
"21",2017-01-21,2017,1,1402.1,214.125,28.9,1.9,1,17.6
"22",2017-01-22,2017,1,1398.9056,229.5,28.1,4.1,1,13
"23",2017-01-23,2017,1,1469.062272,233.916666666667,25.4,3.8,0,10.7
"24",2017-01-24,2017,1,1391.4,228.083333333333,23.8,3.1,0,11.4
"25",2017-01-25,2017,1,1379.7984,241.166666666667,24.5,3.4,0,7.8
"26",2017-01-26,2017,1,1378,241.75,25.9,3,0,9.7
"27",2017-01-27,2017,1,1412.2348,243.416666666667,26.4,3.1,0,10.8
"28",2017-01-28,2017,1,1357.84576,251,26.7,4.1,1,9.8
"29",2017-01-29,2017,1,1300.536936,253.791666666667,26.1,4.1,1,9.3
"30",2017-01-30,2017,1,1423.950512,255.208333333333,26.4,3.7,0,9.9
"31",2017-01-31,2017,1,1448.312784,253.166666666667,27.3,3.3,0,10.7
"32",2017-02-01,2017,2,1443.417976,252.875,27.1,3.8,0,11.6
"33",2017-02-02,2017,2,1491.14112,244.583333333333,28.5,2.7,0,12.7
"34",2017-02-03,2017,2,1496.1,248,28.1,2.8,0,12.3
"35",2017-02-04,2017,2,1406.013376,243.625,28.1,3.5,1,10.8
"36",2017-02-05,2017,2,1408.9,252.916666666667,27.9,4.6,1,9.4
"37",2017-02-06,2017,2,1549.001736,254.458333333333,27.4,4.3,0,10.7
"38",2017-02-07,2017,2,1526.4,259.333333333333,26.8,4,0,9.8
"39",2017-02-08,2017,2,1502,260.208333333333,26.8,3.3,0,9
"40",2017-02-09,2017,2,1564.1,244.375,27.8,3.4,0,8.4
"41",2017-02-10,2017,2,1553.36464,258.916666666667,27.3,3.5,0,9.6
"42",2017-02-11,2017,2,1475.7,251,27.5,3.1,1,10.3
"43",2017-02-12,2017,2,1433.04404,255.791666666667,27.8,3.9,1,8.3
"44",2017-02-13,2017,2,1589.354536,213.958333333333,29.4,4.8,0,7.8
"45",2017-02-14,2017,2,1689.103472,263,29.1,4.1,0,8.4
"46",2017-02-15,2017,2,1658.9,268.916666666667,28.3,4.9,0,7.4
"47",2017-02-16,2017,2,1642.296288,273.375,28.2,5.9,0,8.8
"48",2017-02-17,2017,2,1552.094944,275.625,26.8,5.7,0,8.9
"49",2017-02-18,2017,2,1436.660536,277.625,25.6,5.4,1,9.1
"50",2017-02-19,2017,2,1365.947512,278.041666666667,25.3,4.2,1,9.6
"51",2017-02-20,2017,2,1519.89116,275,26.2,4.4,0,8.7
"52",2017-02-21,2017,2,1574.20276,276.041666666667,27.6,3.9,0,8
"53",2017-02-22,2017,2,1580.482376,275.875,28.4,4.4,0,8.2
"54",2017-02-23,2017,2,1710.25272,278,30,4,0,8.2
"55",2017-02-24,2017,2,1705.9,278.791666666667,30.5,3.9,0,9.1
"56",2017-02-25,2017,2,1644.01168,281.458333333333,30.4,4,1,9.1
"57",2017-02-26,2017,2,1598.614832,283.458333333333,29.9,3.9,1,8.1
"58",2017-02-27,2017,2,1792.981448,282.625,29.9,3.2,0,7.3
"59",2017-02-28,2017,2,1797.541976,279.375,30.1,2.8,0,8.6
"60",2017-03-01,2017,3,1873.406312,283.25,31.6,2.8,0,9.6
"61",2017-03-02,2017,3,1935.627032,285.208333333333,31.1,2.9,0,12.5
"62",2017-03-03,2017,3,2046.911672,287.208333333333,32.7,2.7,0,10.6
"63",2017-03-04,2017,3,1918.6,289.666666666667,31.9,2.7,1,7.9
"64",2017-03-05,2017,3,1790.762496,289.833333333333,31.4,3.4,1,5.6
"65",2017-03-06,2017,3,2031.791056,292.041666666667,31.3,4.2,0,8.3
"66",2017-03-07,2017,3,2032.11892,296.541666666667,30.7,3.7,0,7.2
"67",2017-03-08,2017,3,1998.725008,295.708333333333,30.9,3.3,0,7.3
"68",2017-03-09,2017,3,2000.841176,297.375,31.6,3.4,0,7.3
"69",2017-03-10,2017,3,1985.542856,303.625,30.7,4.2,0,8.7
"70",2017-03-11,2017,3,1828.32184,305.583333333333,31.4,3.4,1,7.7
"71",2017-03-12,2017,3,1753.720976,304.166666666667,29.6,3.3,1,6.5
"72",2017-03-13,2017,3,1964.240048,298.916666666667,30.2,3.5,0,5.7
"73",2017-03-14,2017,3,1937.082128,289.5,31.1,3,0,6.5
"74",2017-03-15,2017,3,2042.925784,307.916666666667,31.7,3,0,6.6
"75",2017-03-16,2017,3,2124.51032,307.125,32.1,2.7,0,6.4
"76",2017-03-17,2017,3,2130.243208,304.208333333333,32.7,2.4,0,6.7
"77",2017-03-18,2017,3,1979.701256,300.958333333333,33.2,2.7,1,10.1
"78",2017-03-19,2017,3,1892.855864,301.166666666667,33.6,4.2,1,10.2
"79",2017-03-20,2017,3,2227.743304,301.125,33.7,3.9,0,9.2
"80",2017-03-21,2017,3,2243.763992,303.625,34.1,1.9,0,10.8
"81",2017-03-22,2017,3,1915.556496,300.833333333333,34.1,2.7,0,11.8
"82",2017-03-23,2017,3,2233.527336,304.208333333333,33.8,1.9,0,11.4
"83",2017-03-24,2017,3,2200.27128,303.666666666667,34.5,3.5,0,10
"84",2017-03-25,2017,3,2146.379624,307,35.4,5,1,8.9
"85",2017-03-26,2017,3,2286.710264,313.125,35.6,3.7,1,8.4
"86",2017-03-27,2017,3,2355.634528,315.875,34.7,3.6,0,8.6
"87",2017-03-28,2017,3,2361.29992,314.958333333333,34.3,4,0,7.6
"88",2017-03-29,2017,3,2209.213816,310.791666666667,33.4,3.3,0,7.7
"89",2017-03-30,2017,3,2047.671768,311.708333333333,33.8,3,0,8.3
"90",2017-03-31,2017,3,2326.1,312.958333333333,34.8,3,0,8.4
"91",2017-04-01,2017,4,2187.656968,315.125,34.3,2.8,1,11.6
"92",2017-04-02,2017,4,2194.778608,311.958333333333,34.8,3.3,1,13.9
"93",2017-04-03,2017,4,2367.104536,317.666666666667,35.3,2.8,0,10.1
"94",2017-04-04,2017,4,2414.155008,314.75,35.2,1.5,0,12.8
"95",2017-04-05,2017,4,2455.745328,278.75,35.2,2.1,0,14.1
"96",2017-04-06,2017,4,2490.562584,292.291666666667,36,2.6,0,10
"97",2017-04-07,2017,4,2353.28104,278.666666666667,32.3,4.9,0,33.7
"98",2017-04-08,2017,4,2212.2,230.333333333333,34,2.9,1,23.7
"99",2017-04-09,2017,4,2209.443768,269,35.9,3.5,1,14.7
"100",2017-04-10,2017,4,2451.101792,308.208333333333,36.2,5.8,0,7.1
"101",2017-04-11,2017,4,2505.85872,317.333333333333,35.6,3.4,0,6.8
"102",2017-04-12,2017,4,2376.204792,320.791666666667,34.2,3.1,0,5.9
"103",2017-04-13,2017,4,2332.029672,321.208333333333,33.3,2.5,0,7.7
"104",2017-04-14,2017,4,2299.2,318.5,33.6,2.1,0,10.9
"105",2017-04-15,2017,4,2175.212128,315.041666666667,33.9,4.4,1,13.3
"106",2017-04-16,2017,4,2123.270952,330.125,33.6,3.6,1,10.8
"107",2017-04-17,2017,4,2158.304656,331.666666666667,34.6,3.9,1,7.4
"108",2017-04-18,2017,4,2413.131096,332.625,34,3.2,0,8.3
"109",2017-04-19,2017,4,2408.616456,331.083333333333,34.8,2.1,0,7
"110",2017-04-20,2017,4,2472.13172,331.083333333333,35.7,3.6,0,8.6
"111",2017-04-21,2017,4,2502.203392,329.375,35.8,2.2,0,10.9
"112",2017-04-22,2017,4,2274.277744,331.25,35.4,2.7,1,23.7
"113",2017-04-23,2017,4,2323.480504,329.333333333333,36.2,2.7,1,23
"114",2017-04-24,2017,4,2400.5,327.583333333333,36.9,3.6,1,22.3
"115",2017-04-25,2017,4,2676.966232,326.208333333333,37.6,2.9,0,20.2
"116",2017-04-26,2017,4,2752.180712,322.875,36.7,3.2,0,24.6
"117",2017-04-27,2017,4,2686.222512,316.75,36.8,4.4,0,28.2
"118",2017-04-28,2017,4,2679.79532,319.958333333333,36.8,3.7,0,26.4
"119",2017-04-29,2017,4,2401.6112,322.125,35.5,3.1,1,32.9
"120",2017-04-30,2017,4,2407.939984,324.25,35.9,3.4,1,29.6
"121",2017-05-01,2017,5,2515.4169672,323.416666666667,35.9,3.7,1,30
"122",2017-05-02,2017,5,2633.968992,306.708333333333,36.4,4.3,0,31.1
"123",2017-05-03,2017,5,2443.957,308.875,31.1,4.5,0,43.4
"124",2017-05-04,2017,5,2476.073592,304.041666666667,32.6,3.9,0,38.9
"125",2017-05-05,2017,5,2538.814416,320.166666666667,35.9,3.3,0,31.5
"126",2017-05-06,2017,5,2544.237552,321.958333333333,37.1,4.1,1,27.3
"127",2017-05-07,2017,5,2310.8994,319.083333333333,36.3,3.1,1,30.3
"128",2017-05-08,2017,5,2769.594216,322.333333333333,37.6,2.5,0,22.9
"129",2017-05-09,2017,5,2790.436344,317.25,37.1,4.5,0,27
"130",2017-05-10,2017,5,2782.242336,313,35.8,3.5,0,30.9
"131",2017-05-11,2017,5,2331.867008,308.833333333333,28.2,4.2,0,63.8
"132",2017-05-12,2017,5,2308.019312,315.666666666667,31.7,2.4,0,49.4
"133",2017-05-13,2017,5,2368.241424,323.666666666667,35.3,3.6,1,37.2
"134",2017-05-14,2017,5,2396.637088,330.375,36.1,3.3,1,33
"135",2017-05-15,2017,5,2544.18112,325.625,33.9,6.2,0,45.8
"136",2017-05-16,2017,5,2608.292624,315.166666666667,34.2,4.3,0,41.8
"137",2017-05-17,2017,5,2502.523056,302.291666666667,31.9,4.1,0,46.2
"138",2017-05-18,2017,5,2517.506968,308.291666666667,31.1,3.8,0,47.4
"139",2017-05-19,2017,5,2338.94804,303.375,31.7,2.9,0,50.6
"140",2017-05-20,2017,5,2288.955312,319.375,33.8,2.8,1,37.5
"141",2017-05-21,2017,5,2290.336256,320.083333333333,36.5,2.8,1,30.1
"142",2017-05-22,2017,5,2668.677672,320.458333333333,35.4,4.2,0,40.1
"143",2017-05-23,2017,5,2736.045864,323.041666666667,35.8,3.8,0,36
"144",2017-05-24,2017,5,2601.876608,319.666666666667,32.9,3.3,0,42.8
"145",2017-05-25,2017,5,2560.929688,296.916666666667,33.6,3.4,0,40.1
"146",2017-05-26,2017,5,2389.159552,288.416666666667,31.3,4.5,0,49.3
"147",2017-05-27,2017,5,2389.261936,311.208333333333,33.3,3.2,1,36.7
"148",2017-05-28,2017,5,2445.006752,313.083333333333,35.1,2.2,1,33.2
"149",2017-05-29,2017,5,2838.08052,306.916666666667,37.1,3.8,0,29
"150",2017-05-30,2017,5,2801.934776,304.125,32.6,5.6,0,48.7
"151",2017-05-31,2017,5,2478.946584,298.916666666667,31.6,5.2,0,43.5
"152",2017-06-01,2017,6,2688.808568,313.833333333333,33.2,3.2,0,42.1
"153",2017-06-02,2017,6,2770.11708,309.541666666667,36.2,2.9,0,32.8
"154",2017-06-03,2017,6,2665.404952,308.166666666667,34.4,4.8,1,38.4
"155",2017-06-04,2017,6,2538.165728,299.166666666667,32.9,4.5,1,43.1
"156",2017-06-05,2017,6,2874.48312,297.583333333333,33.5,3,0,44.3
"157",2017-06-06,2017,6,2726.37824,291.625,34.1,4,0,47.6
"158",2017-06-07,2017,6,2586.8144,277.416666666667,29.7,4.3,0,56.4
"159",2017-06-08,2017,6,2601.032376,304,32.7,2.2,0,40.9
"160",2017-06-09,2017,6,2769.001968,308.041666666667,35.6,2.1,0,31.9
"161",2017-06-10,2017,6,2685.024568,296.958333333333,34.8,3.5,1,37.8
"162",2017-06-11,2017,6,2422.731408,287.166666666667,32.9,4.5,1,42.8
"163",2017-06-12,2017,6,2734.558984,277.041666666667,33.3,5.2,0,45.1
"164",2017-06-13,2017,6,2573.550864,269.666666666667,31,5.2,0,57.7
"165",2017-06-14,2017,6,2162.285232,274.208333333333,27.5,3.1,0,75.1
"166",2017-06-15,2017,6,2403.461792,280.416666666667,30.4,1.9,0,63.1
"167",2017-06-16,2017,6,2616.375568,295.791666666667,32.6,3.5,0,51.8
"168",2017-06-17,2017,6,2128.52556,304.041666666667,28.2,5.6,1,58.9
"169",2017-06-18,2017,6,2119.131016,304.916666666667,30.5,3,1,52.2
"170",2017-06-19,2017,6,2547.254728,297.083333333333,31.1,3.4,0,55.7
"171",2017-06-20,2017,6,2086.022808,277.583333333333,27.3,3.1,0,77.9
"172",2017-06-21,2017,6,2237.366216,299.708333333333,29.2,2.7,0,64.4
"173",2017-06-22,2017,6,2164.418864,308.458333333333,31.4,4.4,1,52.8
"174",2017-06-23,2017,6,2520.034392,293.375,34.7,3.8,0,40.7
"175",2017-06-24,2017,6,2383.946104,265.791666666667,30.9,5,1,48.2
"176",2017-06-25,2017,6,2091.423272,266.791666666667,28.2,1.7,1,71.7
"177",2017-06-26,2017,6,2220.8,301.666666666667,29.3,2.5,1,62.1
"178",2017-06-27,2017,6,2538.609848,307.125,32.3,3.3,0,51.7
"179",2017-06-28,2017,6,2217.443488,309.25,27.9,4.6,0,63.8
"180",2017-06-29,2017,6,2225.703768,312.125,29.7,3,0,53.3
"181",2017-06-30,2017,6,2347.4528,303.333333333333,32.3,3.3,0,47.7
"182",2017-07-01,2017,7,2224.765496,307.375,31.3,4.4,1,55.1
"183",2017-07-02,2017,7,2158.912312,306.833333333333,31.8,5.1,1,52.2
"184",2017-07-03,2017,7,2446.946288,297.625,32.1,4.3,0,50.7
"185",2017-07-04,2017,7,2119.91512,303.208333333333,27.3,3.7,0,74.2
"186",2017-07-05,2017,7,2242.034208,303.375,30.1,3.2,0,64.2
"187",2017-07-06,2017,7,2487.078,300.375,26.4,3.7,0,78.2
"188",2017-07-07,2017,7,2125.28232,306.333333333333,29,3.1,0,67.6
"189",2017-07-08,2017,7,2015.12596,308.583333333333,30.2,3.7,1,65
"190",2017-07-09,2017,7,2035.36348,282.791666666667,29.6,4.8,1,64.9
"191",2017-07-10,2017,7,1824.628568,255.375,24.7,4.8,0,83.9
"192",2017-07-11,2017,7,1847.2,274.291666666667,27.4,3.3,0,72.4
"193",2017-07-12,2017,7,2029.22864,288,28.9,3.1,0,65.2
"194",2017-07-13,2017,7,2129.222176,289,29.8,3.3,0,58.9
"195",2017-07-14,2017,7,2037.8,291.291666666667,29.7,2.5,0,56
"196",2017-07-15,2017,7,2026.471664,298.25,30.1,3.2,1,60.4
"197",2017-07-16,2017,7,1983.83804,302.416666666667,31.3,3.7,1,54.1
"198",2017-07-17,2017,7,2266.36464,299.208333333333,30.2,4.4,0,58.6
"199",2017-07-18,2017,7,2277.482864,264.708333333333,30.1,4.3,0,58.6
"200",2017-07-19,2017,7,2123.504136,283.583333333333,28,2.4,0,69.1
"201",2017-07-20,2017,7,2277.519968,292.291666666667,30.1,2.3,0,61.5
"202",2017-07-21,2017,7,2344.18624,294.583333333333,31.8,3.1,0,53.8
"203",2017-07-22,2017,7,1840.442136,287.666666666667,26.3,3.4,1,81.1
"204",2017-07-23,2017,7,1794.40544,301.458333333333,28.2,2.4,1,74.3
"205",2017-07-24,2017,7,2235.740552,298.166666666667,30.6,3,0,60.2
"206",2017-07-25,2017,7,2216.67332,289.083333333333,28.6,3.9,0,70
"207",2017-07-26,2017,7,2150.17048,298.208333333333,28.7,3.3,0,68.4
"208",2017-07-27,2017,7,2232.288304,303.625,30.6,1.9,0,58.7
"209",2017-07-28,2017,7,2214.7,303.291666666667,30.5,2.5,0,55.5
"210",2017-07-29,2017,7,2107.300624,307.583333333333,31.4,3.5,1,52.8
"211",2017-07-30,2017,7,1868.582872,292.833333333333,26.8,2.9,1,73.2
"212",2017-07-31,2017,7,2200.4,300,29.6,3.1,0,60.7
"213",2017-08-01,2017,8,2329.206312,304.833333333333,31.6,3.2,0,54.1
"214",2017-08-02,2017,8,2121.059352,298.541666666667,28,3.3,0,70.4
"215",2017-08-03,2017,8,2009.655248,299.333333333333,29.7,3,1,67.7
"216",2017-08-04,2017,8,1976.485872,289.958333333333,26.1,3.2,0,81.1
"217",2017-08-05,2017,8,1756.3,288.166666666667,26.7,2.8,1,76.8
"218",2017-08-06,2017,8,1764.651192,287.958333333333,28.3,3,1,67.9
"219",2017-08-07,2017,8,2067.442856,268.041666666667,27.7,4,0,72
"220",2017-08-08,2017,8,1956.6,271.458333333333,26.4,2.1,0,86.2
"221",2017-08-09,2017,8,2035.459352,287.416666666667,28,1.7,0,76.1
"222",2017-08-10,2017,8,2127.1,296.791666666667,29.3,1.8,0,68.5
"223",2017-08-11,2017,8,2215.9292,307.208333333333,30.9,2.4,0,58.4
"224",2017-08-12,2017,8,2017.8976,307.625,29.2,4.6,1,64
"225",2017-08-13,2017,8,1953.621736,297.541666666667,30.3,3.3,1,57.9
"226",2017-08-14,2017,8,2070.045456,280.291666666667,26.1,3.7,0,82.6
"227",2017-08-15,2017,8,2142.04704,307.208333333333,28.6,2.4,0,79
"228",2017-08-16,2017,8,2249.904024,310.208333333333,32.2,4,0,56
"229",2017-08-17,2017,8,2212.6,290,28.9,5.3,0,67.6
"230",2017-08-18,2017,8,1977.3,233.958333333333,27.1,3.5,0,68.5
"231",2017-08-19,2017,8,1926.4,253.833333333333,28.6,2.5,1,67.9
"232",2017-08-20,2017,8,1931.320992,275.041666666667,29.2,2.8,1,68.1
"233",2017-08-21,2017,8,1960.66448,264.75,26.7,3,0,84.1
"234",2017-08-22,2017,8,1825.572768,224.666666666667,25.3,3.1,0,84
"235",2017-08-23,2017,8,1723.751144,230.083333333333,25.8,2,0,88.7
"236",2017-08-24,2017,8,1900.1,297.083333333333,28.2,0.9,0,75.2
"237",2017-08-25,2017,8,2069.1,306.166666666667,30.1,2.1,0,68.6
"238",2017-08-26,2017,8,1748.4674,288.875,25.9,3.6,1,80.6
"239",2017-08-27,2017,8,1671.509864,298.166666666667,27.3,2.4,1,76
"240",2017-08-28,2017,8,2039,305.208333333333,29,3.5,0,66.8
"241",2017-08-29,2017,8,2214.905504,292.166666666667,31.1,4.1,0,61
"242",2017-08-30,2017,8,2254.013568,256.75,29.4,5,0,69.8
"243",2017-08-31,2017,8,1966.827656,247.458333333333,26.9,2.8,0,77.3
"244",2017-09-01,2017,9,1899.422096,279.041666666667,26.5,1.6,0,84.6
"245",2017-09-02,2017,9,1812.3,303.166666666667,28.9,2,1,73.6
"246",2017-09-03,2017,9,1789.385872,306.125,26.6,3.6,1,83.1
"247",2017-09-04,2017,9,1992.579616,288.291666666667,27.3,3.3,0,71.1
"248",2017-09-05,2017,9,2220.3,293.75,29.8,2.8,0,65.3
"249",2017-09-06,2017,9,2381.22644,298.25,31.5,1.8,0,59.3
"250",2017-09-07,2017,9,2334.887048,296.625,29.9,3,0,61.5
"251",2017-09-08,2017,9,2113.848144,273.625,26.8,2.1,0,76.4
"252",2017-09-09,2017,9,1920.2,292.083333333333,27.7,1.7,1,76.1
"253",2017-09-10,2017,9,1876.586568,296.125,31.1,2.1,1,55.7
"254",2017-09-11,2017,9,2143.311832,300.291666666667,27.9,3.7,0,68.6
"255",2017-09-12,2017,9,2180.2,301.166666666667,29.6,2.3,0,59.2
"256",2017-09-13,2017,9,2311.4,305.916666666667,30.1,4.4,0,64.2
"257",2017-09-14,2017,9,2334.43312,290.625,31.7,2.9,0,54.1
"258",2017-09-15,2017,9,2629.806376,274.125,32.1,3.7,0,58
"259",2017-09-16,2017,9,1966.258312,265.166666666667,25.4,4,1,83.5
"260",2017-09-17,2017,9,1855.590368,292.041666666667,27.8,2.5,1,75.6
"261",2017-09-18,2017,9,2182.553856,296.875,29.2,3,0,72.7
"262",2017-09-19,2017,9,2253.859144,292.458333333333,31.4,3,0,60
"263",2017-09-20,2017,9,2411.999024,271.75,31.1,3.2,0,65.2
"264",2017-09-21,2017,9,2275.14356,272.583333333333,29.3,2.1,0,65.2
"265",2017-09-22,2017,9,2054.3,279.125,28.1,2.1,1,70.8
"266",2017-09-23,2017,9,2289.3,291.666666666667,30.1,2.1,1,59.7
"267",2017-09-24,2017,9,2179.73812,295.416666666667,31.7,2.8,1,51.2
"268",2017-09-25,2017,9,2424.43496,297.583333333333,32,2.8,0,51.6
"269",2017-09-26,2017,9,2454.01576,292.833333333333,32.1,2.6,0,55.6
"270",2017-09-27,2017,9,2577.543408,290.75,32.6,2.3,0,48.1
"271",2017-09-28,2017,9,2509.892944,288.833333333333,32.3,2.5,0,52
"272",2017-09-29,2017,9,2487.1,289.125,31.4,2.4,0,52.8
"273",2017-09-30,2017,9,2465.202512,284.708333333333,32.3,2.7,1,52.3
"274",2017-10-01,2017,10,2440.724072,280.833333333333,32.6,2.8,1,49.9
"275",2017-10-02,2017,10,2540.981984,283.666666666667,31.4,2.7,0,49.6
"276",2017-10-03,2017,10,2410.585,286.5,30.8,3.1,0,48.2
"277",2017-10-04,2017,10,2507.43796,281.958333333333,31.9,2.4,0,46.2
"278",2017-10-05,2017,10,2498.668248,275.458333333333,31.6,2.7,0,45.2
"279",2017-10-06,2017,10,2401.5857267189,283.291666666667,31.8,2.3,0,46.1
"280",2017-10-07,2017,10,2271.22128716118,284.166666666667,32.9,2.8,1,44.4
"281",2017-10-08,2017,10,2249.30296257062,282.416666666667,33.1,3,1,44.8
"282",2017-10-09,2017,10,2426.7459558626,282.25,31.7,2.8,0,39.4
"283",2017-10-10,2017,10,2443.34447927591,283.208333333333,33.2,2.4,0,38.1
"284",2017-10-11,2017,10,2534.16733557761,279.958333333333,32.7,2.9,0,39.1
"285",2017-10-12,2017,10,2537.21923933339,278.625,32.4,3.3,0,42.9
"286",2017-10-13,2017,10,2378.47895726267,278.875,32.8,3.2,0,34.3
"287",2017-10-14,2017,10,2175.01038828204,277.666666666667,31.7,2.2,1,29.2
"288",2017-10-15,2017,10,2160.66579589621,277.875,31.1,2.3,1,30.4
"289",2017-10-16,2017,10,2399.07393625134,275.375,31.5,3.4,0,22.1
"290",2017-10-17,2017,10,2423.56975800476,275.625,31.2,3.8,0,20.2
"291",2017-10-18,2017,10,2429.22846963823,276.25,29.4,2.3,0,23.1
"292",2017-10-19,2017,10,2408.36704893691,276.625,30.4,2.5,0,22.3
"293",2017-10-20,2017,10,2331.90326175831,275.291666666667,30.2,2.2,0,21.3
"294",2017-10-21,2017,10,1984.98936431986,276.083333333333,29.9,1.6,1,21.7
"295",2017-10-22,2017,10,2065.15148155017,270.5,29.2,1.4,1,23.6
"296",2017-10-23,2017,10,2244.81963952096,272.041666666667,28.9,1.4,0,24.7
"297",2017-10-24,2017,10,2131.89319551798,270.791666666667,30,1.4,0,23.6
"298",2017-10-25,2017,10,2128.37039803208,268.625,30.7,2,0,21.5
"299",2017-10-26,2017,10,2123.34694468277,267.333333333333,30.6,3.2,0,20.3
"300",2017-10-27,2017,10,2008.43619250464,265.791666666667,30,4,0,17.3
"301",2017-10-28,2017,10,1940.58026309899,260.166666666667,27.6,2.7,1,19
"302",2017-10-29,2017,10,1870.93967180325,259.75,28.9,2.5,1,21.6
"303",2017-10-30,2017,10,2179.48470377308,261.583333333333,29.9,2.2,0,23.3
"304",2017-10-31,2017,10,2215.49798634166,260.291666666667,30.5,2.8,0,22.2
"305",2017-11-01,2017,11,2268.09046732527,261.666666666667,30.5,2.8,0,16.9
"306",2017-11-02,2017,11,2269.98042153654,261,29.9,3,0,15.3
"307",2017-11-03,2017,11,2103.78378621191,262,29.7,3.1,0,14.6
"308",2017-11-04,2017,11,1803.78122853713,261.25,29.5,3.1,1,15.6
"309",2017-11-05,2017,11,1693.21054605432,260.375,28.7,2,1,18.5
"310",2017-11-06,2017,11,1875.07362235978,259.916666666667,28.4,2,0,20.7
"311",2017-11-07,2017,11,1871.39852143232,258.708333333333,28.2,2.3,0,18.9
"312",2017-11-08,2017,11,1877.64371103958,255.583333333333,28.1,3.2,0,17.6
"313",2017-11-09,2017,11,1834.42683122453,254.791666666667,29,3.5,0,17.4
"314",2017-11-10,2017,11,1764.43645065533,255.875,28.3,3,0,17.6
"315",2017-11-11,2017,11,1654.4690704626,255.875,28.1,2.3,1,16
"316",2017-11-12,2017,11,1617.16691597963,255.375,27.6,2.3,1,16.5
"317",2017-11-13,2017,11,1820.08953674738,252.5,27.8,2,0,15.8
"318",2017-11-14,2017,11,1798.74736418522,249.791666666667,28.1,1.1,0,18.1
"319",2017-11-15,2017,11,1815.54616330694,245.041666666667,29.1,2.7,0,14.8
"320",2017-11-16,2017,11,1790.5680671686,243.375,29.8,2.3,0,15.3
"321",2017-11-17,2017,11,1806.50883466551,242,30.2,1.9,0,16
"322",2017-11-18,2017,11,1738.31209802785,238.958333333333,30.3,1.5,1,17.1
"323",2017-11-19,2017,11,1687.64138265233,235.083333333333,30.3,1.3,1,19.8
"324",2017-11-20,2017,11,1848.63338426304,216.291666666667,29.8,1.4,0,26.1
"325",2017-11-21,2017,11,1814.48294817266,208.375,29.9,2.2,0,19.3
"326",2017-11-22,2017,11,1837.45460424962,229.583333333333,29.1,3.1,0,17
"327",2017-11-23,2017,11,1786.13502143622,237.791666666667,28.9,3.4,0,14.5
"328",2017-11-24,2017,11,1865.30252217271,236.041666666667,28.2,3,0,16.1
"329",2017-11-25,2017,11,1787.68992678865,238.083333333333,27.9,2.8,1,16.6
"330",2017-11-26,2017,11,1770.14687707293,238.541666666667,26.8,3.5,1,18.7
"331",2017-11-27,2017,11,1982.14568061598,238.916666666667,28,3.6,0,15.7
"332",2017-11-28,2017,11,1968.33017810386,238.5,26.7,2.5,0,17.7
"333",2017-11-29,2017,11,1901.71953729781,237.083333333333,27.6,2.4,0,17.6
"334",2017-11-30,2017,11,1920.48549706098,232.958333333333,27.9,2.8,0,17
"335",2017-12-01,2017,12,1967.7422626632,234.125,27.9,3.6,1,16.4
"336",2017-12-02,2017,12,1806.57135171541,224.333333333333,26.7,3.3,1,14.4
"337",2017-12-03,2017,12,1618.220034823,230.958333333333,26.2,2.7,1,14.4
"338",2017-12-04,2017,12,1860.05728214638,219.666666666667,26.7,2.6,0,14.3
"339",2017-12-05,2017,12,1817.45995054866,227.666666666667,27.4,3.2,0,12.2
"340",2017-12-06,2017,12,1776.41984636522,212.791666666667,26.4,3.5,0,15.8
"341",2017-12-07,2017,12,1738.14410153092,222.458333333333,26.6,3.8,0,21.9
"342",2017-12-08,2017,12,1712.83958133491,219.041666666667,26.3,3.5,0,25
"343",2017-12-09,2017,12,1580.38738702234,205.083333333333,24.9,3,1,24.4
"344",2017-12-10,2017,12,1534.96368936884,229.041666666667,23.3,3.9,1,20.3
"345",2017-12-11,2017,12,1571.43196847486,222.541666666667,22.8,3.1,0,21.4
"346",2017-12-12,2017,12,1741.97167601435,200.166666666667,24.6,3.3,0,20.2
"347",2017-12-13,2017,12,1729.09661705852,183.458333333333,26.3,2.7,0,28.7
"348",2017-12-14,2017,12,1630.20762385337,198.416666666667,28.3,3.4,0,23
"349",2017-12-15,2017,12,1569.41185971971,204.375,28.9,3.4,0,19.2
"350",2017-12-16,2017,12,1485.31154259768,217.166666666667,28.5,3.1,1,18
"351",2017-12-17,2017,12,1444.80304598138,215.041666666667,26.7,3.2,1,15.1
"352",2017-12-18,2017,12,1576.53540111943,225.041666666667,26.5,1.7,1,15.6
"353",2017-12-19,2017,12,1539.44899425151,225.041666666667,27.3,1.7,0,17
"354",2017-12-20,2017,12,1576.68544203918,217,27.7,2.9,0,15.9
"355",2017-12-21,2017,12,1600.07617499347,207.166666666667,25.4,4.5,0,16.5
"356",2017-12-22,2017,12,1527.52118342884,208.875,23.8,4.1,0,15.8
"357",2017-12-23,2017,12,1463.88133582241,210.125,23.5,4.6,1,18.5
"358",2017-12-24,2017,12,1360.49008583249,222.083333333333,23.5,4.2,1,21.3
"359",2017-12-25,2017,12,1440.32059051528,222.291666666667,23.2,4,1,22.3
"360",2017-12-26,2017,12,1425.47124312374,219.25,24.6,3.6,0,23
"361",2017-12-27,2017,12,1376.1193483065,219.291666666667,25.3,2.9,0,23.7
"362",2017-12-28,2017,12,1364.26311312667,224.041666666667,25.1,3.8,0,20.8
"363",2017-12-29,2017,12,1366.1844534487,230.083333333333,24.9,4.5,0,19.3
"364",2017-12-30,2017,12,1197.39288423301,230.5,24.2,5.1,1,14.2
"365",2017-12-31,2017,12,1162.62574934185,230.541666666667,24.2,5.8,1,16.1
"366",2018-01-01,2018,1,1189.5,230.75,23.5,5.8,1,18.7
"367",2018-01-02,2018,1,1534.202,231.333333333333,24,5.5,0,15.4
"368",2018-01-03,2018,1,1410.661968,225.708333333333,23,4.9,0,19.2
"369",2018-01-04,2018,1,1254.43528,226.958333333333,23.4,5.7,0,15.1
"370",2018-01-05,2018,1,1258.464528,231.958333333333,22.3,4.5,0,18.1
"371",2018-01-06,2018,1,1175.606656,231.458333333333,22.2,3.2,1,17.4
"372",2018-01-07,2018,1,1119.58956,230.375,23.3,1.5,1,17.7
"373",2018-01-08,2018,1,1229.54726,233.208333333333,24.1,2,0,16.4
"374",2018-01-09,2018,1,1268.478136,236.458333333333,25.1,3.1,0,13.8
"375",2018-01-10,2018,1,1277.208208,237.458333333333,25.7,4.3,0,12.1
"376",2018-01-11,2018,1,1265.4,238.5,24,4,0,14.8
"377",2018-01-12,2018,1,1281.8,237.875,24,3.9,0,13.7
"378",2018-01-13,2018,1,1216.8,240.291666666667,22.6,3.4,1,15
"379",2018-01-14,2018,1,1178.7,242.625,22.6,4.4,1,14.7
"380",2018-01-15,2018,1,1250.22936,243.25,23.4,3.5,0,15.6
"381",2018-01-16,2018,1,1287.219968,243.083333333333,24.3,3.8,0,15
"382",2018-01-17,2018,1,1246.7936,245.208333333333,24.6,3.3,0,12.8
"383",2018-01-18,2018,1,1276.4,246.833333333333,24.4,3.9,0,11.1
"384",2018-01-19,2018,1,1287,243.416666666667,24.2,3.1,0,13
"385",2018-01-20,2018,1,1248.8,246.75,25,3.2,1,12.8
"386",2018-01-21,2018,1,1224.2,245.625,24.3,3.6,1,11.6
"387",2018-01-22,2018,1,1307.8,245.916666666667,24.3,4.6,0,10.8
"388",2018-01-23,2018,1,1301.4,246.583333333333,23.8,4.5,0,13.3
"389",2018-01-24,2018,1,1274,245.791666666667,22.8,4.4,0,14.8
"390",2018-01-25,2018,1,1245.05,244.791666666667,24.7,4.6,0,15
"391",2018-01-26,2018,1,1268.93812,243,24.2,4.4,0,18.7
"392",2018-01-27,2018,1,1253.480584,244.833333333333,24.2,4.2,1,20
"393",2018-01-28,2018,1,1071.2748,244.125,24.9,3.7,1,16.5
"394",2018-01-29,2018,1,1296.643712,238.166666666667,25.6,3.9,0,11.4
"395",2018-01-30,2018,1,1288.6,234.916666666667,25.3,5.2,0,9
"396",2018-01-31,2018,1,1302.6,249.958333333333,25,5.8,0,8.9
"397",2018-02-01,2018,2,1297.476,253.791666666667,24.3,3.2,0,12.8
"398",2018-02-02,2018,2,1294.3,247.208333333333,26.1,2.7,0,13.6
"399",2018-02-03,2018,2,1302.4,246.333333333333,27.3,2.5,1,14.1
"400",2018-02-04,2018,2,1364.1,242.708333333333,28.4,3.3,1,13.4
"401",2018-02-05,2018,2,1549.9,250.875,29.4,3.1,0,13.2
"402",2018-02-06,2018,2,1683.5,255.333333333333,29.9,2.9,0,12.6
"403",2018-02-07,2018,2,1694.1,260.75,29.7,3.4,0,9.9
"404",2018-02-08,2018,2,1656.7,263.916666666667,29.6,2.5,0,10
"405",2018-02-09,2018,2,1645.6,259,28.2,4.9,0,12.3
"406",2018-02-10,2018,2,1438.5,254.5,26.3,4,1,13.5
"407",2018-02-11,2018,2,1373.09,245.833333333333,25.9,3.3,1,11.4
"408",2018-02-12,2018,2,1445.31,259.708333333333,23.9,4.9,0,11.5
"409",2018-02-13,2018,2,1437.13,263.833333333333,25.1,2.9,0,11.1
"410",2018-02-14,2018,2,1486.35,262.75,27.1,2.5,0,10.6
"411",2018-02-15,2018,2,1560.7244,264.208333333333,28.2,4,0,9.9
"412",2018-02-16,2018,2,1633.53,269.833333333333,28.9,4.2,0,9.7
"413",2018-02-17,2018,2,1484.72,266.708333333333,28.5,3.8,1,7.8
"414",2018-02-18,2018,2,1513.19,260.625,28.8,3.5,1,8.9
"415",2018-02-19,2018,2,1731.06,255.875,29.9,2.8,0,10.5
"416",2018-02-20,2018,2,1797.21,263.125,31.6,1.8,0,12.6
"417",2018-02-21,2018,2,1952.37,256,32,3.2,0,23.7
"418",2018-02-22,2018,2,2063.97,224.291666666667,32.2,2.5,0,32.4
"419",2018-02-23,2018,2,2108.275264,263.25,32,2.1,0,40.2
"420",2018-02-24,2018,2,1856.44,256.625,31.2,5.5,1,43.4
"421",2018-02-25,2018,2,1826.614824,244.666666666667,31.8,3.2,1,30
"422",2018-02-26,2018,2,2155.666696,270.25,33,3.6,0,19.1
"423",2018-02-27,2018,2,2184.078192,273.416666666667,33.3,3.9,0,16.8
"424",2018-02-28,2018,2,2234.922736,283.583333333333,33.5,4.6,0,16.6
"425",2018-03-01,2018,3,2212.775808,288.291666666667,33.1,4.6,0,10.9
"426",2018-03-02,2018,3,2122.69404,284.625,31.2,2.4,0,10.7
"427",2018-03-03,2018,3,1990.316556,283.875,33.1,3.2,1,12.4
"428",2018-03-04,2018,3,1991.72,289.083333333333,33.6,4.1,1,12.7
"429",2018-03-05,2018,3,2284.42,290.958333333333,33.4,3.5,0,13.3
"430",2018-03-06,2018,3,2307.724,292.75,33.3,2.9,0,13.4
"431",2018-03-07,2018,3,2325.94448,292.375,33.6,2.4,0,11.8
"432",2018-03-08,2018,3,2302.45704,292.833333333333,33.6,2.4,0,11.5
"433",2018-03-09,2018,3,2220.804744,296.208333333333,34,4.3,0,9.1
"434",2018-03-10,2018,3,2017.69,298.708333333333,33.8,3.1,1,8
"435",2018-03-11,2018,3,2016.46116,300.958333333333,33.1,2.8,1,7.4
"436",2018-03-12,2018,3,2499.03724137931,302.75,32.9,2.7,0,10.5
"437",2018-03-13,2018,3,2457.40634482759,304.708333333333,33.2,2.7,0,7.3
"438",2018-03-14,2018,3,2415.77544827586,305.375,32.7,2.1,0,7.4
"439",2018-03-15,2018,3,2374.14455172414,307.291666666667,32.8,2.2,0,8.5
"440",2018-03-16,2018,3,2332.51365517241,307.458333333333,32.6,2.5,0,12.7
"441",2018-03-17,2018,3,2290.88275862069,307.125,32.7,2.1,1,19.6
"442",2018-03-18,2018,3,1988.873376,305.416666666667,32.2,2.2,1,14.1
"443",2018-03-19,2018,3,2260.411128,308.416666666667,33,1.5,0,8.8
"444",2018-03-20,2018,3,2328.330552,308.541666666667,31.4,2.4,0,19.4
"445",2018-03-21,2018,3,2334.010016,304.166666666667,34.9,4.7,0,31.9
"446",2018-03-22,2018,3,2377.470448,288.791666666667,33.1,4.7,0,21.3
"447",2018-03-23,2018,3,2099.419952,304.75,29.9,5.7,0,5.1
"448",2018-03-24,2018,3,1734.478784,303.166666666667,28.2,5.2,1,4.7
"449",2018-03-25,2018,3,1698.96,295.375,29.8,3,1,5.4
"450",2018-03-26,2018,3,2080.7764,299.041666666667,31.7,2.5,0,6
"451",2018-03-27,2018,3,2171.146,310.5,33.1,3.2,0,4.5
"452",2018-03-28,2018,3,2235.732912,315.25,33,3,0,4.2
"453",2018-03-29,2018,3,2219.34,317.416666666667,33.1,4.1,0,8.2
"454",2018-03-30,2018,3,2223.131704,316.666666666667,33.4,4,0,7.6
"455",2018-03-31,2018,3,2076.8688,319.458333333333,33.5,4,1,6.3
"456",2018-04-01,2018,4,2020.02,314.458333333333,33.9,3.5,1,6.4
"457",2018-04-02,2018,4,2119.73,318.041666666667,34.7,2.6,1,7.6
"458",2018-04-03,2018,4,2430.054648,312.666666666667,35.1,3.3,0,7.3
"459",2018-04-04,2018,4,2426.870696,324.541666666667,34.3,3,0,6.2
"460",2018-04-05,2018,4,2354.852776,324.291666666667,33.4,2.1,0,6.3
"461",2018-04-06,2018,4,2284.428752,324.416666666667,33.7,2.4,0,6.6
"462",2018-04-07,2018,4,2160.05,324.666666666667,34.4,2.5,1,9.2
"463",2018-04-08,2018,4,2172.908784,324.416666666667,34.8,2.6,1,16.1
"464",2018-04-09,2018,4,2045.98,325.166666666667,34.3,1.7,0,18.8
"465",2018-04-10,2018,4,2509.72024,323.291666666667,33.8,2.1,0,20.9
"466",2018-04-11,2018,4,2540.698504,319.875,33,3.2,0,30.7
"467",2018-04-12,2018,4,2509.9034,319.25,36.1,3.6,0,21.5
"468",2018-04-13,2018,4,2491.4352,318.5,34.9,3,0,9.2
"469",2018-04-14,2018,4,2279.25532,313.333333333333,34.6,1.9,1,9.1
"470",2018-04-15,2018,4,2171.0158,315.916666666667,34.5,3,1,13.2
"471",2018-04-16,2018,4,2498.16,319.75,34.7,3.2,0,9.1
"472",2018-04-17,2018,4,2502.22,321.541666666667,35.1,2.8,0,9
"473",2018-04-18,2018,4,2487.972384,313.375,34.8,2.5,0,9.1
"474",2018-04-19,2018,4,2562.6988,315.916666666667,35.4,3.1,0,9.3
"475",2018-04-20,2018,4,2500.308,322.708333333333,35.5,3.2,0,7.5
"476",2018-04-21,2018,4,2315.488776,325.541666666667,35.2,2.8,1,8.8
"477",2018-04-22,2018,4,2233.28,330.625,35.6,2.4,1,11.6
"478",2018-04-23,2018,4,2580.587408,332.333333333333,35.9,2.2,0,9.5
"479",2018-04-24,2018,4,2354.19,331.458333333333,36,2.9,1,14.9
"480",2018-04-25,2018,4,2611.407392,327.083333333333,37.1,2.8,0,20.4
"481",2018-04-26,2018,4,2732.482176,321.416666666667,35.3,3.9,0,29.2
"482",2018-04-27,2018,4,2676.36408,315.041666666667,36.6,4.8,0,21.9
"483",2018-04-28,2018,4,2335.841088,323.333333333333,34.9,4.5,1,24.7
"484",2018-04-29,2018,4,2162.862912,324.5,36.1,2.8,1,17
"485",2018-04-30,2018,4,2679.81,324.041666666667,37.1,3.5,0,15.4
"486",2018-05-01,2018,5,2473.27648,320.166666666667,36.7,4.1,1,18.3
"487",2018-05-02,2018,5,2641.01832,323.458333333333,36.9,3.1,0,10
"488",2018-05-03,2018,5,2599.468944,326.5,35.7,3.8,0,11.5
"489",2018-05-04,2018,5,2659.46808,326.083333333333,35.8,3.9,0,23.7
"490",2018-05-05,2018,5,2418.93,330.083333333333,35.3,2.4,1,10.8
"491",2018-05-06,2018,5,2310.15,330.916666666667,35.2,2.2,1,9.6
"492",2018-05-07,2018,5,2645.7058,330.083333333333,36.1,3.9,0,13.7
"493",2018-05-08,2018,5,2639.00408,332.291666666667,36.2,3.4,0,13.8
"494",2018-05-09,2018,5,2757.422264,325.333333333333,36.6,3.8,0,21.6
"495",2018-05-10,2018,5,2690.63056,310.75,33.7,3.8,0,29.8
"496",2018-05-11,2018,5,2509.52892,295.208333333333,33.8,2.9,0,27.7
"497",2018-05-12,2018,5,2427.44936,295.791666666667,35.1,3.4,1,27
"498",2018-05-13,2018,5,2408.585792,299.75,36.4,3.3,1,19.9
"499",2018-05-14,2018,5,2818.749072,280,37.1,3.9,0,24.3
"500",2018-05-15,2018,5,2814.65,301.75,35.3,3.9,0,31
"501",2018-05-16,2018,5,3075.77288,314.291666666667,36.6,2.9,0,28.5
"502",2018-05-17,2018,5,2491.5442,314.583333333333,28.6,5.1,0,55.4
"503",2018-05-18,2018,5,2452.581584,317.208333333333,31,3.8,0,47.7
"504",2018-05-19,2018,5,2496.210632,313.083333333333,34.4,4,1,36.5
"505",2018-05-20,2018,5,2568.665664,316.416666666667,35.7,4.7,1,33.5
"506",2018-05-21,2018,5,2936.576872,325,34.5,5.9,0,42.7
"507",2018-05-22,2018,5,2891.645712,323,34.2,4.1,0,43.2
"508",2018-05-23,2018,5,2907.868008,321.125,34.7,3.8,0,39.4
"509",2018-05-24,2018,5,2942.997624,326.291666666667,36.4,4,0,31.9
"510",2018-05-25,2018,5,2915.31536,320.708333333333,35.9,4.8,0,29.8
"511",2018-05-26,2018,5,2599.290096,314.583333333333,33.5,4.1,1,34.9
"512",2018-05-27,2018,5,2594.00568,312.125,34.8,3.8,1,35.7
"513",2018-05-28,2018,5,2453.275792,317.5,29.4,4.3,0,57.4
"514",2018-05-29,2018,5,2576.98,320.75,32.4,3.4,0,43.8
"515",2018-05-30,2018,5,2699.585,315.916666666667,35.3,3.6,0,35.6
"516",2018-05-31,2018,5,1302.735,312.958333333333,33.7,4.3,0,45.8
"517",2018-06-01,2018,6,2033.6488,317.25,31.9,2.9,0,42.8
"518",2018-06-02,2018,6,2486.49,318.333333333333,34.7,2.9,1,35.9
"519",2018-06-03,2018,6,2462.53,312,33.3,4.8,1,42.1
"520",2018-06-04,2018,6,2577.46,309.333333333333,35.2,3.4,0,37.7
"521",2018-06-05,2018,6,2745.03,306.166666666667,35.3,5.1,0,37
"522",2018-06-06,2018,6,2608.19,311.541666666667,31.6,4.8,0,41.1
"523",2018-06-07,2018,6,2619.0574,314.541666666667,34.7,3,0,36.6
"524",2018-06-08,2018,6,2760.238,318.083333333333,36.1,3.9,0,32.6
"525",2018-06-09,2018,6,2673.2796,319.5,35.3,5.9,1,40.4
"526",2018-06-10,2018,6,2486.2524,317.583333333333,34.1,5.1,1,39
"527",2018-06-11,2018,6,2392.12,317.125,31.3,2.9,1,54.4
"528",2018-06-12,2018,6,2510.52,313.875,33.7,3.8,0,43
"529",2018-06-13,2018,6,2641.1152,317.5,35.6,3.8,0,34.2
"530",2018-06-14,2018,6,2448.75,314.916666666667,34.4,5.5,0,42.4
"531",2018-06-15,2018,6,2644.36,311.541666666667,35.7,5,1,37.1
"532",2018-06-16,2018,6,2327.06,313.083333333333,32.7,4.6,1,39.4
"533",2018-06-17,2018,6,2182.37,315.333333333333,32.2,4.7,1,41.3
"534",2018-06-18,2018,6,2536.71,318.916666666667,33.3,4.4,0,41.6
"535",2018-06-19,2018,6,2535.65,317.291666666667,33.7,6.1,0,44.1
"536",2018-06-20,2018,6,2492.94,285,30.7,6.1,0,53.6
"537",2018-06-21,2018,6,2360.29,278.125,30.3,4.9,0,52.2
"538",2018-06-22,2018,6,2333.17,278.083333333333,31.9,4.6,0,47.3
"539",2018-06-23,2018,6,2075.79,280.208333333333,29.7,4,1,56.4
"540",2018-06-24,2018,6,1799.23,272.541666666667,28.9,3.2,1,62
"541",2018-06-25,2018,6,2306.55,297.583333333333,31.3,2.3,0,51.4
"542",2018-06-26,2018,6,2489.04,308.041666666667,34.3,2.8,0,39.3
"543",2018-06-27,2018,6,2521.79,303.541666666667,33.6,6.2,0,42.2
"544",2018-06-28,2018,6,2191.08,287.125,28.8,4.3,0,56.5
"545",2018-06-29,2018,6,2213.89,293.916666666667,31.5,3.3,0,47.5
"546",2018-06-30,2018,6,1907.9,304.458333333333,29.6,3.7,1,55.3
"547",2018-07-01,2018,7,1900.552872,291.375,31.4,4.3,1,47.2
"548",2018-07-02,2018,7,1915.274448,285.583333333333,26.1,4.4,0,75.4
"549",2018-07-03,2018,7,2041.051712,311,30.6,1.6,0,59.1
"550",2018-07-04,2018,7,2180.072808,307.541666666667,31.6,3,0,50.9
"551",2018-07-05,2018,7,2260.46364,300.75,32.6,2.9,0,48.1
"552",2018-07-06,2018,7,2021.14,301.708333333333,28.3,3.6,0,65.8
"553",2018-07-07,2018,7,1918.43,312.166666666667,30.1,2.9,1,57.5
"554",2018-07-08,2018,7,1840.557908,295.583333333333,29.7,3.8,1,53.7
"555",2018-07-09,2018,7,2290.300368,312.083333333333,32,3.2,0,51.6
"556",2018-07-10,2018,7,2231.19,310,29.2,5,0,54.9
"557",2018-07-11,2018,7,2252.850224,305.208333333333,31.7,3.1,0,49.7
"558",2018-07-12,2018,7,2349.999952,306.666666666667,31.3,3.6,0,53.1
"559",2018-07-13,2018,7,2261.58168,314.416666666667,31.3,3.3,0,46.3
"560",2018-07-14,2018,7,2100.394632,304,33.1,4.7,1,48.5
"561",2018-07-15,2018,7,1907.47,287.416666666667,28.6,4.5,1,67.9
"562",2018-07-16,2018,7,2165.798136,285.375,29.7,3.8,0,61.8
"563",2018-07-17,2018,7,2162.798176,294.541666666667,29.8,3.8,0,61.1
"564",2018-07-18,2018,7,2206.866104,287.708333333333,31.1,4.5,0,54.3
"565",2018-07-19,2018,7,2145.21,296.375,29.9,3.2,0,61.1
"566",2018-07-20,2018,7,1857.574552,291.208333333333,26.2,3.1,0,81.6
"567",2018-07-21,2018,7,1786.775816,290.25,28.8,2.3,1,72.7
"568",2018-07-22,2018,7,1875.99,294.625,30.3,2.7,1,60.1
"569",2018-07-23,2018,7,2313.38,300.416666666667,32.1,2.8,0,52.9
"570",2018-07-24,2018,7,2384.995416,293.291666666667,33.1,4.9,0,47.9
"571",2018-07-25,2018,7,1961.052888,284.833333333333,26.4,3.9,0,82.1
"572",2018-07-26,2018,7,2020.55,288.791666666667,28.1,3.6,0,69.9
"573",2018-07-27,2018,7,2058.47,304.708333333333,29.5,2.8,0,61
"574",2018-07-28,2018,7,1831.18228,299.125,27.3,4.5,1,72.8
"575",2018-07-29,2018,7,1748.51,304.833333333333,28.6,3.6,1,67.1
"576",2018-07-30,2018,7,2176.69,295.666666666667,30.2,4.1,0,62.3
"577",2018-07-31,2018,7,2157.65,279.5,29.1,4.6,0,64
"578",2018-08-01,2018,8,2177.53,285.875,30.4,4.1,0,54.8
"579",2018-08-02,2018,8,2180.81,274.458333333333,30.4,4.9,0,56.6
"580",2018-08-03,2018,8,1719.67,232.875,25.5,2.8,1,87.1
"581",2018-08-04,2018,8,1696.37,277.5,28.1,3.2,1,68.3
"582",2018-08-05,2018,8,1830.24,263.958333333333,29.6,3.4,1,61.4
"583",2018-08-06,2018,8,1742.8,256,24.9,3.3,0,88.7
"584",2018-08-07,2018,8,1714.2,254.375,26.3,3,0,79.6
"585",2018-08-08,2018,8,1834.09,250.958333333333,27.6,3.5,0,73.3
"586",2018-08-09,2018,8,1955.29,267.625,29.2,3.1,0,68.5
"587",2018-08-10,2018,8,1774.85,244.458333333333,25.7,2.8,0,85.6
"588",2018-08-11,2018,8,1573.34,281.416666666667,27.5,2.2,1,76
"589",2018-08-12,2018,8,1774.19,284.833333333333,30.1,2.8,1,63.1
"590",2018-08-13,2018,8,1931.82,270.416666666667,27.2,4.1,0,73.3
"591",2018-08-14,2018,8,1904.97,267.416666666667,28.2,2.7,0,63.8
"592",2018-08-15,2018,8,2110.23,273.833333333333,30.4,2.7,0,58.7
"593",2018-08-16,2018,8,2231.27,283.041666666667,31.3,3,0,56.4
"594",2018-08-17,2018,8,1894.945,259,26.4,3.4,0,80.1
"595",2018-08-18,2018,8,1608.27,281.833333333333,26.4,1.4,1,79.7
"596",2018-08-19,2018,8,1730.4,293.458333333333,28.4,2.5,1,74.4
"597",2018-08-20,2018,8,2101.22,297.458333333333,29,5.3,0,68
"598",2018-08-21,2018,8,2033.04,292.75,28.3,2.2,0,67.5
"599",2018-08-22,2018,8,1913.28,282.583333333333,29.8,3.1,1,65.7
"600",2018-08-23,2018,8,1938.29,283,29.8,2.6,1,61.5
"601",2018-08-24,2018,8,2235,278.083333333333,30.3,3.7,0,62.7
"602",2018-08-25,2018,8,1800.19,260.041666666667,26.3,2.9,1,80.6
"603",2018-08-26,2018,8,1767.75,263.833333333333,26.5,3.1,1,84.1
"604",2018-08-27,2018,8,2024.8,271.166666666667,27.3,3.1,0,78.8
"605",2018-08-28,2018,8,2098.58,275.25,28.7,2.9,0,72.6
"606",2018-08-29,2018,8,2155.73,286.958333333333,29.1,2.9,0,68
"607",2018-08-30,2018,8,2167.74,275.541666666667,28.9,4,0,68
"608",2018-08-31,2018,8,1990.86,255.208333333333,27.7,2.7,0,68.2
"609",2018-09-01,2018,9,1867.69528,278.291666666667,27.7,2,1,77.5
"610",2018-09-02,2018,9,1809.205204,276.625,29.1,2.3,1,68.4
"611",2018-09-03,2018,9,2160.52052,265.875,28.1,2.9,0,74.8
"612",2018-09-04,2018,9,2052.425344,292.583333333333,28.2,2.4,0,74.3
"613",2018-09-05,2018,9,2242.35,297.625,30,2.4,0,65.8
"614",2018-09-06,2018,9,2140.85,294.291666666667,28.1,4,0,66.2
"615",2018-09-07,2018,9,1932.8964,263.583333333333,26.4,3.7,0,74.9
"616",2018-09-08,2018,9,1837.75,250,28.6,2.3,1,66.7
"617",2018-09-09,2018,9,1873.7,256.791666666667,28.7,3.4,1,68.8
"618",2018-09-10,2018,9,2110.87052,273.5,29.6,3.1,0,64.9
"619",2018-09-11,2018,9,1933.37,290.625,28.3,2.3,0,67.5
"620",2018-09-12,2018,9,2174.78564,302.708333333333,31.2,1.6,1,55.4
"621",2018-09-13,2018,9,2315.44,297.333333333333,29.8,4.4,0,60.7
"622",2018-09-14,2018,9,1944.033488,264.083333333333,26.7,3.4,0,68.4
"623",2018-09-15,2018,9,1876.45,264.458333333333,28.1,1.3,1,77.1
"624",2018-09-16,2018,9,1944.45,290,30.5,2.2,1,63.5
"625",2018-09-17,2018,9,2235.413496,295.75,31.7,1.9,0,47.3
"626",2018-09-18,2018,9,2362.28224,289.166666666667,32,2.8,0,54.2
"627",2018-09-19,2018,9,2391.363976,280.666666666667,31.9,3.1,0,52.2
"628",2018-09-20,2018,9,2422.954128,278.333333333333,32,2.5,0,57.6
"629",2018-09-21,2018,9,2462.2,279.041666666667,32.2,1.7,0,53
"630",2018-09-22,2018,9,2097.859544,277.583333333333,28.8,3.3,1,67.2
"631",2018-09-23,2018,9,1951.857544,283.083333333333,29.3,2,1,66.4
"632",2018-09-24,2018,9,2330.9,284.416666666667,31.1,2.7,0,59.9
"633",2018-09-25,2018,9,2264.298664,285.083333333333,29.7,2.5,0,57.1
"634",2018-09-26,2018,9,2336.918088,284.041666666667,30.9,2.7,0,58.1
"635",2018-09-27,2018,9,2462.897192,281.833333333333,32.2,2.5,0,54.3
"636",2018-09-28,2018,9,2388.10088,275.5,31.6,3.8,0,56.5
"637",2018-09-29,2018,9,2072.398808,273.666666666667,30.2,2.2,1,53.8
"638",2018-09-30,2018,9,2114.01,271.875,31.5,2.6,1,50.2
"639",2018-10-01,2018,10,2275.63,269.791666666667,30.1,3.9,0,52.1
"640",2018-10-02,2018,10,2346.73,269.333333333333,31.5,2.7,0,49.3
"641",2018-10-03,2018,10,2420.95,248.833333333333,32.6,2.9,0,50.5
"642",2018-10-04,2018,10,2495.17,260.166666666667,32.2,3.7,0,50.4
"643",2018-10-05,2018,10,2150.405008,260.75,27.8,2.7,0,67
"644",2018-10-06,2018,10,2094.37,264.25,30.4,2.4,1,60.1
"645",2018-10-07,2018,10,2148.036976,270.916666666667,31.9,2.4,1,55.5
"646",2018-10-08,2018,10,2473.440328,270.75,32.3,2.9,0,55.3
"647",2018-10-09,2018,10,2500.7382,264.666666666667,32.4,3.2,0,52.4
"648",2018-10-10,2018,10,2338.503264,260,30.1,3.5,0,57.9
"649",2018-10-11,2018,10,2225.229952,262.083333333333,29.4,2.7,0,55.3
"650",2018-10-12,2018,10,2307.1,264,32.2,2.5,0,45.4
"651",2018-10-13,2018,10,2125.5,257.041666666667,30.7,3.5,1,50
"652",2018-10-14,2018,10,2085.896952,256.75,32.6,2.8,1,42.5
"653",2018-10-15,2018,10,2350.79,251.833333333333,31.1,3.1,0,44
"654",2018-10-16,2018,10,2128.769212,261.125,32.4,2.5,0,42.1
"655",2018-10-17,2018,10,2382.835,259.5,33.4,3,0,40.1
"656",2018-10-18,2018,10,2483.725272,257.041666666667,33.4,3,0,39.8
"657",2018-10-19,2018,10,2390.906968,259.833333333333,31.8,2.7,0,50
"658",2018-10-20,2018,10,2185.011992,268.208333333333,32.3,2.6,1,41.1
"659",2018-10-21,2018,10,2059.26,268.791666666667,31.9,2.6,1,29.3
"660",2018-10-22,2018,10,2253.24,265.333333333333,32.3,2,0,26.1
"661",2018-10-23,2018,10,2278.106944,266.041666666667,32.9,2,0,23.6
"662",2018-10-24,2018,10,2300.59,262.25,32.8,2,0,30.5
"663",2018-10-25,2018,10,2412.491736,251.166666666667,32.1,3.8,0,45.6
"664",2018-10-26,2018,10,2352.97,239.958333333333,31.8,3.2,0,45
"665",2018-10-27,2018,10,2208.65,241.875,33,2.4,1,40
"666",2018-10-28,2018,10,2621.42103092784,242.833333333333,33.8,1.4,1,30.6
"667",2018-10-29,2018,10,2549.80701030928,241.083333333333,32,3.8,0,45.9
"668",2018-10-30,2018,10,2478.19298969072,244.541666666667,33,2.5,0,38
"669",2018-10-31,2018,10,2406.57896907216,256.291666666667,33.4,3,0,27.1
"670",2018-11-01,2018,11,2272.48,256,32.2,1.9,0,22.9
"671",2018-11-02,2018,11,2196.015104,248.875,32.3,2.2,0,22.3
"672",2018-11-03,2018,11,2004.69732,259.208333333333,31.5,2.1,1,27.3
"673",2018-11-04,2018,11,1974.92,257.75,31.8,2.4,1,24.3
"674",2018-11-05,2018,11,2196.18,255.416666666667,31.2,1.6,0,23.8
"675",2018-11-06,2018,11,2056.82,253.125,31,2,0,17
"676",2018-11-07,2018,11,1999.011016,253.166666666667,29.9,1.9,0,18.5
"677",2018-11-08,2018,11,2003.21,254.166666666667,30.7,2.2,0,18.7
"678",2018-11-09,2018,11,1923.95,254.291666666667,30.2,2.6,0,14.6
"679",2018-11-10,2018,11,1759.75,251.625,29.4,2,1,18.2
"680",2018-11-11,2018,11,1718.18,251.666666666667,29.7,2.1,1,19.8
"681",2018-11-12,2018,11,1944.93,251.125,30.1,2.1,0,16.8
"682",2018-11-13,2018,11,1940.408496,242.625,30.2,2.8,0,15.1
"683",2018-11-14,2018,11,1891.346944,244.958333333333,30,3.4,0,12.6
"684",2018-11-15,2018,11,1832.187568,247,29.1,3.2,0,15.1
"685",2018-11-16,2018,11,1771.24568,245.375,28.8,1.9,0,18.1
"686",2018-11-17,2018,11,1642.55528,242.75,29.1,2.1,1,19.4
"687",2018-11-18,2018,11,1600.455816,241.666666666667,29.6,1.4,1,20.9
"688",2018-11-19,2018,11,1804.84,236.291666666667,29.2,1.1,0,22.1
"689",2018-11-20,2018,11,1634.36,226.541666666667,29.8,1.6,0,21.2
"690",2018-11-21,2018,11,1839.778128,223.375,30.1,2.9,1,16.7
"691",2018-11-22,2018,11,1835.355016,240.333333333333,29.7,3.3,0,14.7
"692",2018-11-23,2018,11,1774.92,235.625,28.8,2.5,0,16
"693",2018-11-24,2018,11,1632.57,238.583333333333,28.8,2.3,1,12.6
"694",2018-11-25,2018,11,1540.385848,238.375,28.7,2.7,1,15.1
"695",2018-11-26,2018,11,1740.66,237.541666666667,28.4,3.1,0,16.2
"696",2018-11-27,2018,11,1716.2864,232.541666666667,28.5,2.8,0,15.5
"697",2018-11-28,2018,11,1710.443,230.166666666667,28.1,3.8,0,14.7
"698",2018-11-29,2018,11,1650.44,231.291666666667,27.3,3.5,0,13.3
"699",2018-11-30,2018,11,1561.86,234.708333333333,26.3,3.7,0,14.5
"700",2018-12-01,2018,12,1466.01,226.583333333333,26.2,3.1,1,15.8
"701",2018-12-02,2018,12,1439.097976,229.541666666667,26.3,3.1,1,16.2
"702",2018-12-03,2018,12,1513.624544,230.791666666667,26.3,3.5,0,14.8
"703",2018-12-04,2018,12,1504.828168,230.583333333333,26.9,4.5,0,15.3
"704",2018-12-05,2018,12,1519.6188,220.875,26.7,4.8,0,15.3
"705",2018-12-06,2018,12,1501.93,225.25,26.3,4,0,17.5
"706",2018-12-07,2018,12,1442.04,228.041666666667,26,3.5,0,19.2
"707",2018-12-08,2018,12,1381.20528,230.875,26.6,3.1,1,18.8
"708",2018-12-09,2018,12,1322.697528,231.416666666667,25.3,3.2,1,20.8
"709",2018-12-10,2018,12,1444.68,231.833333333333,25.1,3.5,0,17.7
"710",2018-12-11,2018,12,1408.29,229.875,23.4,3.2,0,21.1
"711",2018-12-12,2018,12,1401.972312,213.25,25.2,3.1,0,20.2
"712",2018-12-13,2018,12,1427.838792,214.416666666667,25.5,3.1,0,18.1
"713",2018-12-14,2018,12,1425.69,224.5,26.1,3.6,0,15
"714",2018-12-15,2018,12,1371.77,213.666666666667,26.3,4,1,14.6
"715",2018-12-16,2018,12,1274.8576,227.75,26.3,3.8,1,13.9
"716",2018-12-17,2018,12,1421.625248,229.833333333333,25.4,4,0,14.6
"717",2018-12-18,2018,12,1321.8,229.333333333333,24.6,4.3,1,16.6
"718",2018-12-19,2018,12,1364.71,229.458333333333,24.3,4.2,0,16.4
"719",2018-12-20,2018,12,1365.58056,225.625,24.6,3.5,0,17.5
"720",2018-12-21,2018,12,1315.20104,224.666666666667,23.8,4.3,0,19.9
"721",2018-12-22,2018,12,1263.06,223.458333333333,22.8,4.4,1,21.4
"722",2018-12-23,2018,12,1223.87,230.166666666667,25.2,5.2,1,12.5
"723",2018-12-24,2018,12,1290.619984,229.208333333333,22.9,4.4,0,17.9
"724",2018-12-25,2018,12,1243.77,228.666666666667,23.1,4.4,1,20.9
"725",2018-12-26,2018,12,1309.382896,228.75,20,3.1,0,27.3
"726",2018-12-27,2018,12,1330.84,228.208333333333,30.7,4.1,0,11.5
"727",2018-12-28,2018,12,1315.81,226.333333333333,28.6,3.75,0,14.85
"728",2018-12-29,2018,12,1273.388456,225.25,26.5,3.4,1,18.2
"729",2018-12-30,2018,12,1243.49,214.25,24.8,3.4,1,19.7
"730",2018-12-31,2018,12,1367.68172,214.5,24.8,4.7,0,17.5
"731",2019-01-01,2019,1,1249.24,223.458333333333,24.6,4.4,1,17.4
"732",2019-01-02,2019,1,1321.79,225.458333333333,24,5,0,14.9
"733",2019-01-03,2019,1,1255.227912,228.583333333333,22.7,3.4,0,17.5
"734",2019-01-04,2019,1,1254.417536,230.333333333333,22.4,4.1,0,18.1
"735",2019-01-05,2019,1,1220.51,229.125,23.3,4.3,1,15.7
"736",2019-01-06,2019,1,1197.501152,224.458333333333,23.1,4.6,1,14.3
"737",2019-01-07,2019,1,1282.56,230.583333333333,23,4.4,0,14.2
"738",2019-01-08,2019,1,1246.014664,224.875,21.9,4.1,0,16
"739",2019-01-09,2019,1,1271.39352,220,22.3,3.2,0,17.1
"740",2019-01-10,2019,1,1282.05,229.958333333333,24.4,2.3,0,15.1
"741",2019-01-11,2019,1,1306.08,228.416666666667,25.1,2.6,0,13.8
"742",2019-01-12,2019,1,1316.93,229.041666666667,27.1,3,1,10.6
"743",2019-01-13,2019,1,1284.63,235.375,26.3,3.8,1,9.4
"744",2019-01-14,2019,1,1378.69,240.666666666667,24.7,3,0,11.8
"745",2019-01-15,2019,1,1356.34644,243.958333333333,24.7,3.3,0,11.5
"746",2019-01-16,2019,1,1373.06696,243.458333333333,25.6,3,0,10.3
"747",2019-01-17,2019,1,1393.30348,239.791666666667,26.6,2.9,0,11.2
"748",2019-01-18,2019,1,1455.43996,237.708333333333,27.7,1.7,0,13.3
"749",2019-01-19,2019,1,1388.751352,221,27.3,3.4,1,13.6
"750",2019-01-20,2019,1,1227.67,237.958333333333,24.6,3.9,1,9.7
"751",2019-01-21,2019,1,1350.75528,241.666666666667,24,3,0,9.6
"752",2019-01-22,2019,1,1369.549304,239.541666666667,24.8,2.6,0,9.5
"753",2019-01-23,2019,1,1384.41,238.875,24.5,3.3,0,9.1
"754",2019-01-24,2019,1,1356.38868,239.375,23.6,1.9,0,14.3
"755",2019-01-25,2019,1,1357.075216,242.791666666667,25.4,2.4,0,14
"756",2019-01-26,2019,1,1332.66,246.75,25.8,2.3,1,11.2
"757",2019-01-27,2019,1,1300.48,248.791666666667,25.5,2.8,1,10.5
"758",2019-01-28,2019,1,1403.298216,251.166666666667,26.2,2.7,0,9.9
"759",2019-01-29,2019,1,1439.78,254.25,26.1,3.8,0,10.2
"760",2019-01-30,2019,1,1461.21,255.833333333333,26.2,2.9,0,10
"761",2019-01-31,2019,1,1473.53,255.5,26.7,2.9,0,10.9
"762",2019-02-01,2019,2,1427.47,254.791666666667,26.7,2.5,0,9.8
"763",2019-02-02,2019,2,1401.305856,252.333333333333,27.9,2.3,1,9.1
"764",2019-02-03,2019,2,1409.56172,249.583333333333,28.9,1.5,1,10.1
"765",2019-02-04,2019,2,1600.36,253.958333333333,28.7,2.1,0,11.5
"766",2019-02-05,2019,2,1569.068792,260.791666666667,27.3,4.3,0,9
"767",2019-02-06,2019,2,1555.329952,262.458333333333,26.4,4,0,9.6
"768",2019-02-07,2019,2,1498.065824,262.958333333333,24.8,4.5,0,9.3
"769",2019-02-08,2019,2,1440.574,262.083333333333,23.3,4.4,0,12.4
"770",2019-02-09,2019,2,1361.861528,260.625,25.4,4.9,1,13
"771",2019-02-10,2019,2,1341.254,264.666666666667,24.8,5.2,1,12.7
"772",2019-02-11,2019,2,1458.72628,263.458333333333,25,4.6,0,12.1
"773",2019-02-12,2019,2,1495.02,264.583333333333,25.8,4.7,0,11
"774",2019-02-13,2019,2,1496.791424,269.083333333333,26,4.2,0,10.9
"775",2019-02-14,2019,2,1496.974608,271.416666666667,26.6,5.5,0,9.9
"776",2019-02-15,2019,2,1434.692296,269.25,24.3,5.1,0,9.5
"777",2019-02-16,2019,2,1361.08,268.958333333333,24.4,4.9,1,11
"778",2019-02-17,2019,2,1346.483864,264.541666666667,25.9,3.5,1,12.1
"779",2019-02-18,2019,2,1494.78,273.166666666667,26.9,3.4,0,11.1
"780",2019-02-19,2019,2,1568.893744,270.25,27.6,3.2,0,11.1
"781",2019-02-20,2019,2,1575.188024,251.75,28.8,3.2,0,11.2
"782",2019-02-21,2019,2,1689.182896,263.5,31,2.5,0,11.9
"783",2019-02-22,2019,2,1714.562328,275.208333333333,30.3,3.5,0,7.3
"784",2019-02-23,2019,2,1608.099256,279.625,28.2,3.5,1,7.3
"785",2019-02-24,2019,2,1511.84172,283.875,26.8,3.5,1,9
"786",2019-02-25,2019,2,1663.779232,272.916666666667,27.7,3.5,0,8.4
"787",2019-02-26,2019,2,1716.3846,259.416666666667,28.2,3.2,0,8
"788",2019-02-27,2019,2,1722.73,270.833333333333,28.1,3.4,0,7.8
"789",2019-02-28,2019,2,1690.692888,269.125,27.8,4,0,7.5
"790",2019-03-01,2019,3,1566.195216,265.875,25.9,3.5,0,10.3
"791",2019-03-02,2019,3,1490.62528,268.625,26.2,3.9,1,9.1
"792",2019-03-03,2019,3,1457.29816,280.083333333333,27.1,3.5,1,9.9
"793",2019-03-04,2019,3,1684.20704,290.541666666667,29.9,2.6,0,8.5
"794",2019-03-05,2019,3,1785.72,286.333333333333,30.6,3,0,9.8
"795",2019-03-06,2019,3,1859.190904,290.125,30.2,2.4,0,9
"796",2019-03-07,2019,3,1914.085096,287.25,31.6,2.5,0,10.2
"797",2019-03-08,2019,3,1947.756416,288.833333333333,31.4,2.6,0,12.7
"798",2019-03-09,2019,3,1778.34284,285.75,30.2,2.8,1,11.8
"799",2019-03-10,2019,3,1706.26,263.166666666667,30.3,4.5,1,11.7
"800",2019-03-11,2019,3,1957.07,272.791666666667,31.2,3.8,0,12.2
"801",2019-03-12,2019,3,2013.925248,294,31.4,4.5,0,9.2
"802",2019-03-13,2019,3,2063.78,295.25,29.6,3.6,0,10.1
"803",2019-03-14,2019,3,2101.113312,291,32.8,2.5,0,7.9
"804",2019-03-15,2019,3,2068.29352,286.833333333333,32.8,3.7,0,9.6
"805",2019-03-16,2019,3,2009.542896,293.458333333333,35.4,4.8,1,8.8
"806",2019-03-17,2019,3,1918.537384,287.541666666667,34.1,3,1,10
"807",2019-03-18,2019,3,2276.444616,271.375,33.9,1.8,0,9.6
"808",2019-03-19,2019,3,2426.771928,279.541666666667,34.9,2.1,0,10.1
"809",2019-03-20,2019,3,2492.226696,287.583333333333,35.6,3.2,0,9.6
"810",2019-03-21,2019,3,2489.164312,292.833333333333,34.2,3.1,0,7.7
"811",2019-03-22,2019,3,2417.58392,296.416666666667,33.6,3.4,0,7.4
"812",2019-03-23,2019,3,2188.28812,276.125,33.1,4.1,1,6.4
"813",2019-03-24,2019,3,2120.39,284.416666666667,33.5,3.2,1,8.3
"814",2019-03-25,2019,3,2486.50704,300.666666666667,34.1,4.4,0,8.1
"815",2019-03-26,2019,3,2476.909712,294.375,33.2,4.6,0,9.1
"816",2019-03-27,2019,3,2512.32192,298.458333333333,34.2,3.8,0,8.3
"817",2019-03-28,2019,3,2614.33292,287.625,34.6,4.1,0,9.8
"818",2019-03-29,2019,3,2546.484016,305.041666666667,35.2,4.3,0,8.8
"819",2019-03-30,2019,3,2175.12492,307.208333333333,35.3,2.8,1,9.2
"820",2019-03-31,2019,3,2280.975968,308.083333333333,35.3,3.4,1,13.1
"821",2019-04-01,2019,4,2543.565448,305.041666666667,35.5,1.9,0,20.7
"822",2019-04-02,2019,4,2595.662808,311.125,36.1,3.3,0,10.6
"823",2019-04-03,2019,4,2611.718216,312.041666666667,35.9,2.5,0,12.8
"824",2019-04-04,2019,4,2649.757304,312.25,36.4,2,0,16.7
"825",2019-04-05,2019,4,2720.093808,310.791666666667,37.3,1.9,0,14.1
"826",2019-04-06,2019,4,2578.878696,311.291666666667,38.1,2.9,1,14.7
"827",2019-04-07,2019,4,2446.488168,308.875,36,4.5,1,11.3
"828",2019-04-08,2019,4,2702.845728,316.916666666667,34.9,3.1,0,8.9
"829",2019-04-09,2019,4,2669.840672,319.208333333333,35.6,3.5,0,6.9
"830",2019-04-10,2019,4,2698.32,322.75,35.3,3.8,0,6.6
"831",2019-04-11,2019,4,2701.097344,321.875,35.5,2.5,0,5.9
"832",2019-04-12,2019,4,2652.429832,311.458333333333,35.7,4,0,14.1
"833",2019-04-13,2019,4,2436.683816,256.541666666667,35.6,3.4,1,9.6
"834",2019-04-14,2019,4,2362.982504,285.333333333333,36.2,2.9,1,7.7
"835",2019-04-15,2019,4,2623.453392,326.875,33.4,3.2,0,6.5
"836",2019-04-16,2019,4,2360.133232,328.958333333333,35.4,4,0,7.6
"837",2019-04-17,2019,4,2854.065192,332.75,36.9,3.1,0,8
"838",2019-04-18,2019,4,2746.254544,332.333333333333,35.5,3,0,7.3
"839",2019-04-19,2019,4,2632.8198,329.416666666667,35.1,2,0,10.1
"840",2019-04-20,2019,4,2509.046976,325.375,36.1,3.1,1,12.1
"841",2019-04-21,2019,4,2513.34,319.166666666667,36.4,2.1,1,16
"842",2019-04-22,2019,4,2572.236696,311,35.6,3.8,1,26.8
"843",2019-04-23,2019,4,2526.312064,283.125,30.3,4.4,0,48.1
"844",2019-04-24,2019,4,2344.08588,283.833333333333,32.3,1.8,1,41.6
"845",2019-04-25,2019,4,2664.000352,307.916666666667,35.6,3.1,0,19
"846",2019-04-26,2019,4,2686.81668,324.708333333333,38,3.7,0,7.9
"847",2019-04-27,2019,4,2640.633944,321.541666666667,36.6,1.4,1,19.5
"848",2019-04-28,2019,4,2586.844536,320.25,37,3.3,1,20.1
"849",2019-04-29,2019,4,2594.303528,322.208333333333,36.5,2.9,0,23.7
"850",2019-04-30,2019,4,2900.425416,323.333333333333,36.8,3.9,0,22.7
"851",2019-05-01,2019,5,2658.270216,322.375,36.8,3.9,1,22.7
"852",2019-05-02,2019,5,2485.03608,320.916666666667,36.3,3.5,0,27.5
"853",2019-05-03,2019,5,2871.597648,315.5,37.1,3.4,0,28.4
"854",2019-05-04,2019,5,2655.0392,316,37,5,1,29.7
"855",2019-05-05,2019,5,2524.50748,318.75,35.8,4.3,1,29.7
"856",2019-05-06,2019,5,2938.54210976,325.125,38.6,2.4,0,22.4
"857",2019-05-07,2019,5,3055.241456,323.958333333333,38.6,3.9,0,22.7
"858",2019-05-08,2019,5,3217.517704,318.5,36.8,3.2,0,24.7
"859",2019-05-09,2019,5,3019.938736,314.125,36.8,4.7,0,28
"860",2019-05-10,2019,5,2957.95808,303.791666666667,36.2,4.4,0,32.4
"861",2019-05-11,2019,5,2919.319328,309.75,33.9,5.2,1,34.6
"862",2019-05-12,2019,5,2997.68304,313.125,36.3,2.8,1,28.8
"863",2019-05-13,2019,5,3117.05672,313.166666666667,35.8,4,0,26.8
"864",2019-05-14,2019,5,3126.186392,309.166666666667,34.5,4.4,0,36.1
"865",2019-05-15,2019,5,2570.90332,295.916666666667,28.6,4.8,0,60.5
"866",2019-05-16,2019,5,2701.017696,312.833333333333,34.7,4.4,0,38.2
"867",2019-05-17,2019,5,2989.75456,308.208333333333,34.8,4.1,0,37.8
"868",2019-05-18,2019,5,2941.193624,325.166666666667,35.4,4,1,36.3
"869",2019-05-19,2019,5,2848.342368,320.458333333333,35.6,5,1,34.6
"870",2019-05-20,2019,5,3116.345104,305.875,35.2,4.9,0,31.9
"871",2019-05-21,2019,5,2981.637144,290.041666666667,32.6,4.7,0,41.1
"872",2019-05-22,2019,5,3087.741144,297.916666666667,35.1,2.8,0,35.6
"873",2019-05-23,2019,5,3145.589888,309.791666666667,36.2,2.4,0,30
"874",2019-05-24,2019,5,2971.627192,301.083333333333,33.9,4,0,33.9
"875",2019-05-25,2019,5,2702.98,302.625,33.9,4.9,1,40.2
"876",2019-05-26,2019,5,2912.9958,314.25,36.1,3.8,1,28.9
"877",2019-05-27,2019,5,3222.43352,311.625,36.3,5.4,0,31.8
"878",2019-05-28,2019,5,3060.117696,304.5,35.9,4.9,0,36.2
"879",2019-05-29,2019,5,3093.434256,303.25,34.2,5.2,0,36.4
"880",2019-05-30,2019,5,3114.582496,278.416666666667,34.8,4.1,0,36.4
"881",2019-05-31,2019,5,3106.583112,285.291666666667,34.2,4.3,0,37.9
"882",2019-06-01,2019,6,2560.926464,282.541666666667,29.3,3.7,1,54.9
"883",2019-06-02,2019,6,2555.43,285.791666666667,31.6,3.2,1,50.9
"884",2019-06-03,2019,6,2923.864576,298.625,33.7,3.5,0,43.6
"885",2019-06-04,2019,6,2687.91,296.541666666667,34.4,3.8,1,41.1
"886",2019-06-05,2019,6,2896.057488,290.458333333333,33.7,5,0,43.8
"887",2019-06-06,2019,6,2788.811112,293.416666666667,31.8,5.9,0,52.2
"888",2019-06-07,2019,6,2628.596456,295.791666666667,30.4,3.6,0,51.9
"889",2019-06-08,2019,6,2252.225096,296.375,27.9,3.1,1,69.5
"890",2019-06-09,2019,6,2234.732992,294.625,32.4,2.7,1,52
"891",2019-06-10,2019,6,2732.076496,308.583333333333,33,3.4,0,50.3
"892",2019-06-11,2019,6,2770.294296,305.666666666667,32.7,4.4,0,50.5
"893",2019-06-12,2019,6,2801.549232,290.416666666667,33.9,4.1,0,41.8
"894",2019-06-13,2019,6,2835.313216,296.833333333333,32.6,3.3,0,45.8
"895",2019-06-14,2019,6,2766.052512,309.625,34.2,4.3,0,40.1
"896",2019-06-15,2019,6,2646.193504,319.208333333333,34.7,4.1,1,41.7
"897",2019-06-16,2019,6,2658.706328,317.708333333333,35.6,3.5,1,37.3
"898",2019-06-17,2019,6,2908.182648,319.041666666667,35,3.7,0,32.5
"899",2019-06-18,2019,6,2999.478936,314.875,34.7,3.9,0,40.2
"900",2019-06-19,2019,6,2786.589784,311.875,32.3,4.1,0,49.2
"901",2019-06-20,2019,6,2949.62564,308.833333333333,34.6,4.5,0,40.2
"902",2019-06-21,2019,6,2943.979792,310.833333333333,33.4,5,0,47.1
"903",2019-06-22,2019,6,2542.210992,310.916666666667,31.6,5.2,1,47.8
"904",2019-06-23,2019,6,2476.938216,314.583333333333,31.9,4.1,1,52.9
"905",2019-06-24,2019,6,2900.856064,315.916666666667,33.4,4.2,0,45.4
"906",2019-06-25,2019,6,2754.925992,308.291666666667,30.6,5.1,0,51
"907",2019-06-26,2019,6,2660.07196,299.583333333333,30.7,4.7,0,53.2
"908",2019-06-27,2019,6,2702.435848,299.375,31.9,3.5,0,51.3
"909",2019-06-28,2019,6,2786.507808,280.708333333333,34.4,4,0,39.6
"910",2019-06-29,2019,6,2278.323176,299.375,29.2,2.7,1,60.6
"911",2019-06-30,2019,6,2507.320936,303.541666666667,33.3,2.4,1,46
"912",2019-07-01,2019,7,2875.844032,305.75,34.3,4.8,0,40.3
"913",2019-07-02,2019,7,2727.016384,306.666666666667,31.7,5.3,0,46.7
"914",2019-07-03,2019,7,2862.625608,303.916666666667,33.1,4.1,0,47.3
"915",2019-07-04,2019,7,2601.77464,284.5,29.7,4,0,57.8
"916",2019-07-05,2019,7,2285.989672,291.25,28,3.5,0,69.1
"917",2019-07-06,2019,7,2213.92224,308.166666666667,30.4,2,1,54.2
"918",2019-07-07,2019,7,2391.99224,315.25,34.5,4.3,1,38.2
"919",2019-07-08,2019,7,2611.93844,285.583333333333,30.6,7.3,0,60.9
"920",2019-07-09,2019,7,2198.629632,278.833333333333,26.6,3.7,0,74.5
"921",2019-07-10,2019,7,2224.40848,298.041666666667,28.8,2.6,0,61.6
"922",2019-07-11,2019,7,2410.21,302.916666666667,30.6,3.7,0,58.4
"923",2019-07-12,2019,7,2162.51548,294.833333333333,28.1,4.6,0,64.6
"924",2019-07-13,2019,7,2127.034128,299.083333333333,29.2,3.3,1,61
"925",2019-07-14,2019,7,2142.06,308.041666666667,31.6,2.8,1,50
"926",2019-07-15,2019,7,2292.262312,307.166666666667,27.9,4.7,0,67.4
"927",2019-07-16,2019,7,2260,304.5,28.9,3.4,0,61.3
"928",2019-07-17,2019,7,2478.25292,305.75,31,3.7,0,56.3
"929",2019-07-18,2019,7,2199.804776,303.625,27.8,3.6,0,69
"930",2019-07-19,2019,7,2220.489096,294.583333333333,29.6,4.3,0,61.1
"931",2019-07-20,2019,7,1900.36084,294.958333333333,26.8,2.8,1,76.9
"932",2019-07-21,2019,7,1913.4282,294.708333333333,29.2,2.7,1,65.2
"933",2019-07-22,2019,7,2123.544824,283.5,27.4,2.2,0,77.4
"934",2019-07-23,2019,7,2167.20812,281.333333333333,28.3,2.9,0,77.1
"935",2019-07-24,2019,7,2242.06,294.208333333333,29.4,2.6,0,64.5
"936",2019-07-25,2019,7,2361.426256,298.5,30,2.5,0,61.9
"937",2019-07-26,2019,7,2296.28388,298.625,30.2,3.1,0,57.2
"938",2019-07-27,2019,7,2304.47456,296.791666666667,31.7,4.7,1,55.5
"939",2019-07-28,2019,7,1951.667968,292.375,26.8,4.5,1,75.5
"940",2019-07-29,2019,7,2334.532632,288.833333333333,29.8,2.7,0,63.4
"941",2019-07-30,2019,7,2358.57816,295.416666666667,29.6,4,0,57.8
"942",2019-07-31,2019,7,2323.354776,301.5,27.9,3.4,0,77
"943",2019-08-01,2019,8,2229.27056,302.375,28.6,3,0,71.8
"944",2019-08-02,2019,8,2212.22,286.208333333333,28.4,3.8,0,68.3
"945",2019-08-03,2019,8,2068.67816,263.166666666667,29.2,4.5,1,65.2
"946",2019-08-04,2019,8,2102.72,289.208333333333,30.6,3.2,1,54.2
"947",2019-08-05,2019,8,2229.931848,260.291666666667,26.6,3.3,0,76.4
"948",2019-08-06,2019,8,2239.59,280.625,28.7,2.2,0,67.5
"949",2019-08-07,2019,8,2323.682968,286.833333333333,29.3,3.3,0,63.3
"950",2019-08-08,2019,8,2277.388128,298.708333333333,28.3,3.4,0,69.6
"951",2019-08-09,2019,8,2141.988112,286.541666666667,28.1,3.7,0,73
"952",2019-08-10,2019,8,2030.06288,293.291666666667,26.9,3.8,1,71.4
"953",2019-08-11,2019,8,2030.59112,297.791666666667,29.2,3.9,1,65.6
"954",2019-08-12,2019,8,2118.991136,295.875,30.8,4.5,1,58.1
"955",2019-08-13,2019,8,2303.388056,294.208333333333,28.3,3.7,0,71.3
"956",2019-08-14,2019,8,2422.28088,291.958333333333,30,3.5,0,64.2
"957",2019-08-15,2019,8,2362.564688,279.458333333333,29,3.1,0,66
"958",2019-08-16,2019,8,2141.078792,254.458333333333,26.8,3,0,81.2
"959",2019-08-17,2019,8,2068.65632,256.208333333333,28.7,2.8,1,66.3
"960",2019-08-18,2019,8,2200.93636,286.833333333333,30.5,2.4,1,62.8
"961",2019-08-19,2019,8,2209.332312,269.625,26.2,3.8,0,80.6
"962",2019-08-20,2019,8,2104.348112,235,27.3,3.2,0,72
"963",2019-08-21,2019,8,2329.18352,182.75,29.4,4,0,66.1
"964",2019-08-22,2019,8,2263.324544,211.375,28.4,3.3,0,65.9
"965",2019-08-23,2019,8,2184.25,251.583333333333,27.7,3.3,0,73.8
"966",2019-08-24,2019,8,2058.55,232.541666666667,28.3,3.7,1,68.7
"967",2019-08-25,2019,8,2015.71,218.916666666667,28.5,4.6,1,63.9
"968",2019-08-26,2019,8,2246.76884,249.041666666667,27.7,3.4,0,70.7
"969",2019-08-27,2019,8,2339.81764,263.5,28.4,2.8,0,72.2
"970",2019-08-28,2019,8,2113.371712,263.5,25.6,2.5,0,89.8
"971",2019-08-29,2019,8,2151.696392,283,28.3,2,0,69.6
"972",2019-08-30,2019,8,2059.96936,285.416666666667,27.2,2.9,0,72.4
"973",2019-08-31,2019,8,2091.8686,300.791666666667,30.8,3.9,1,57.3
"974",2019-09-01,2019,9,2187.749848,283.458333333333,32.2,3.4,1,55.6
"975",2019-09-02,2019,9,2356.864392,283.083333333333,29,4.1,0,66.4
"976",2019-09-03,2019,9,2513.995744,294.5,31.4,2,0,56.8
"977",2019-09-04,2019,9,2452.339296,285.708333333333,29.9,4,0,57.8
"978",2019-09-05,2019,9,2484.5,287.666666666667,30.8,3.8,0,53.6
"979",2019-09-06,2019,9,2365.748656,287.5,28.7,3.7,0,68.8
"980",2019-09-07,2019,9,1850.217528,275.291666666667,26,2.8,1,82.1
"981",2019-09-08,2019,9,1968.82992,283.666666666667,29.3,1.6,1,64.1
"982",2019-09-09,2019,9,2194.005656,287,27.8,2.7,0,72
"983",2019-09-10,2019,9,2391.653424,290.75,29.9,3.3,0,67
"984",2019-09-11,2019,9,2469.467968,287.125,30.3,4.1,0,63.9
"985",2019-09-12,2019,9,2277.815648,287.208333333333,28.3,2,0,69.6
"986",2019-09-13,2019,9,2411.69228,288.708333333333,29.2,2.3,0,72.7
"987",2019-09-14,2019,9,2265.965568,293.541666666667,30.8,2.5,1,62.1
"988",2019-09-15,2019,9,2067.17,283.458333333333,27.9,3.2,1,64.9
"989",2019-09-16,2019,9,2338.425728,282.541666666667,28.8,2.2,0,66.3
"990",2019-09-17,2019,9,2375.647728,284.583333333333,29.8,2.9,0,57.5
"991",2019-09-18,2019,9,2560.06,290.208333333333,32.4,1.9,0,48.3
"992",2019-09-19,2019,9,2619.068128,280.125,31.4,2.9,0,56.4
"993",2019-09-20,2019,9,2403.752192,286.958333333333,29.7,3.4,0,58.2
"994",2019-09-21,2019,9,2390.724928,298.625,32.5,2.2,1,51.1
"995",2019-09-22,2019,9,2345.218696,298.041666666667,32.2,3.3,1,47.4
"996",2019-09-23,2019,9,2718.708944,292.375,32.9,3.1,0,48.2
"997",2019-09-24,2019,9,2747.703984,295.75,32.4,3.4,0,53
"998",2019-09-25,2019,9,2697.484584,296.125,32.9,3,0,52.2
"999",2019-09-26,2019,9,2819.355176,283.833333333333,33.3,3.4,0,47.4
"1000",2019-09-27,2019,9,2733.367464,287.375,33.5,4.1,0,46.9
"1001",2019-09-28,2019,9,2449.745984,287.833333333333,31.9,2.9,1,49.1
"1002",2019-09-29,2019,9,2420.568432,284,33.1,4.1,1,46.2
"1003",2019-09-30,2019,9,2755.674856,271.458333333333,32.4,4.5,0,46.9
"1004",2019-10-01,2019,10,2612.315784,265.291666666667,29.9,3.9,0,55.4
"1005",2019-10-02,2019,10,2419.22528,269.708333333333,28.1,4.9,0,61.1
"1006",2019-10-03,2019,10,2572.968696,274.791666666667,31.7,3.7,0,49.1
"1007",2019-10-04,2019,10,2512.1552,275.958333333333,30.7,3.6,0,52.3
"1008",2019-10-05,2019,10,2256.405304,260.208333333333,29.7,3.4,1,50.1
"1009",2019-10-06,2019,10,2291.40336,266.541666666667,31.2,2.9,1,55
"1010",2019-10-07,2019,10,2619.819608,262.708333333333,31.7,3.5,0,52.5
"1011",2019-10-08,2019,10,2517.075664,255.833333333333,28.8,3.3,0,63.9
"1012",2019-10-09,2019,10,2335.534672,239.166666666667,27.4,2.7,0,72
"1013",2019-10-10,2019,10,2266.2464,231.208333333333,27.3,3.1,0,77.9
"1014",2019-10-11,2019,10,2266.323904,245.333333333333,29,2.6,0,66
"1015",2019-10-12,2019,10,2071.702896,256,28.6,3.4,1,62
"1016",2019-10-13,2019,10,2139.78528,270.583333333333,31.2,2.6,1,51.1
"1017",2019-10-14,2019,10,2550.99136,269.375,33.2,3.2,0,46.2
"1018",2019-10-15,2019,10,2689.34,259.208333333333,33.2,3.2,0,45.9
"1019",2019-10-16,2019,10,2731.137232,255.25,33.1,3.8,0,43.7
"1020",2019-10-17,2019,10,2623,246.333333333333,31.7,2.9,0,46.4
"1021",2019-10-18,2019,10,2622.670384,258.125,33.7,3.1,0,40.9
"1022",2019-10-19,2019,10,2457.592896,254.583333333333,31.2,3.1,1,55
"1023",2019-10-20,2019,10,2201.938152,230.375,29.3,4.5,1,58.1
"1024",2019-10-21,2019,10,2443.680936,251.5,30.1,2.3,0,57.5
"1025",2019-10-22,2019,10,2558.153472,264.041666666667,33.1,2.3,0,42.3
"1026",2019-10-23,2019,10,2606.427504,266.25,33.1,2.8,0,40.5
"1027",2019-10-24,2019,10,2550.550104,266.625,32.6,2.4,0,38.4
"1028",2019-10-25,2019,10,2488.332872,265.041666666667,32.5,2.1,0,30.6
"1029",2019-10-26,2019,10,2211.387472,255.75,31.6,2,1,29.2
"1030",2019-10-27,2019,10,2271.670888,252.125,32.1,2.9,1,42.3
"1031",2019-10-28,2019,10,2544.793296,234.833333333333,30.7,3.1,0,48.8
"1032",2019-10-29,2019,10,2526.44344,232.666666666667,31.6,2.6,0,42.5
"1033",2019-10-30,2019,10,2553.589456,235,31.8,1.9,0,45
"1034",2019-10-31,2019,10,2581.790976,244.458333333333,32.4,2.1,0,40.1
"1035",2019-11-01,2019,11,2480.859832,253.583333333333,33.1,2.8,0,29.8
"1036",2019-11-02,2019,11,2203.681624,256.666666666667,31.9,2.6,1,17.8
"1037",2019-11-03,2019,11,2115.56,256.458333333333,31.6,2.4,1,28.2
"1038",2019-11-04,2019,11,2411.69932,255.708333333333,31.9,1.8,0,21.8
"1039",2019-11-05,2019,11,2377.67752,255.416666666667,32,2.4,0,17
"1040",2019-11-06,2019,11,2386.9,254.083333333333,32.2,1.7,0,21.4
"1041",2019-11-07,2019,11,2420.227048,252.458333333333,31.2,1.7,0,26
"1042",2019-11-08,2019,11,2326.232448,252.291666666667,32.1,2.2,0,21.5
"1043",2019-11-09,2019,11,2327.485552,250.5,32,1.5,1,20.5
"1044",2019-11-10,2019,11,2101.811696,245.541666666667,32,1.3,1,22
"1045",2019-11-11,2019,11,2385.47,230.625,32.4,1.9,0,21.6
"1046",2019-11-12,2019,11,2264.776856,244.625,30.8,3.3,0,14.7
"1047",2019-11-13,2019,11,2114.557824,237.166666666667,29.3,4,0,13.6
"1048",2019-11-14,2019,11,2106.88972,209.125,29.9,2.8,0,14.2
"1049",2019-11-15,2019,11,2019.503424,243.791666666667,30,1.6,0,16.4
"1050",2019-11-16,2019,11,1957.522296,241.666666666667,31.7,1.5,1,17.3
"1051",2019-11-17,2019,11,1922.866272,237.125,31.7,3,1,16.2
"1052",2019-11-18,2019,11,2213.18,238.916666666667,31.6,2.3,0,16
"1053",2019-11-19,2019,11,2230.32,233.125,31.5,3,0,16.9
"1054",2019-11-20,2019,11,2220.94,236.708333333333,31.4,2.5,0,15
"1055",2019-11-21,2019,11,2221.69988,236.416666666667,30.9,3.3,0,15.9
"1056",2019-11-22,2019,11,2147.79,235.458333333333,31.1,2.7,0,20
"1057",2019-11-23,2019,11,2009.953952,236.458333333333,31.6,2.5,1,17.4
"1058",2019-11-24,2019,11,1965.68,236.666666666667,31.6,2.6,1,15.9
"1059",2019-11-25,2019,11,2237.51056,236.25,31.6,2.2,0,16.4
"1060",2019-11-26,2019,11,2228.27,236.208333333333,31.5,2.4,0,16
"1061",2019-11-27,2019,11,2224.504624,236.333333333333,31.7,2.2,0,15.9
"1062",2019-11-28,2019,11,2199.57,236.291666666667,30.6,3,0,16.3
"1063",2019-11-29,2019,11,2084.49,235.291666666667,30.3,4.2,0,13
"1064",2019-11-30,2019,11,1919.222936,233.583333333333,30.1,4.3,1,12.6
"1065",2019-12-01,2019,12,1820.022024,229.625,29.2,3.4,1,13
"1066",2019-12-02,2019,12,2022.958168,228.458333333333,28.7,2.7,0,13.5
"1067",2019-12-03,2019,12,2049.302096,232.083333333333,28.3,2.5,0,16.1
"1068",2019-12-04,2019,12,1953.601496,234.5,27.7,2.8,0,14.6
"1069",2019-12-05,2019,12,1837.43808,234.666666666667,26.8,3,0,13.3
"1070",2019-12-06,2019,12,1788.041984,234.458333333333,27.5,2.7,0,15.7
"1071",2019-12-07,2019,12,1670.479184,228.666666666667,28.1,3.2,1,14.3
"1072",2019-12-08,2019,12,1565.918336,226.875,26.9,2.6,1,13.6
"1073",2019-12-09,2019,12,1737.512288,227.666666666667,27.2,2.6,0,14.5
"1074",2019-12-10,2019,12,1749.32,231.333333333333,27.3,2.4,0,14.6
"1075",2019-12-11,2019,12,1773.497688,225.583333333333,26.9,2.7,0,14.1
"1076",2019-12-12,2019,12,1814.007872,232.041666666667,26.9,3.7,0,14.6
"1077",2019-12-13,2019,12,1613.47512,232.375,25.4,3.7,0,15.8
"1078",2019-12-14,2019,12,1490.19228,233.541666666667,25.2,3.3,1,10.2
"1079",2019-12-15,2019,12,1417.105768,231,25.4,3.3,1,10.1
"1080",2019-12-16,2019,12,1569.016936,229.666666666667,26.1,3.8,0,10
"1081",2019-12-17,2019,12,1578.9,225.125,26.3,3,0,13.4
"1082",2019-12-18,2019,12,1500.19,225.416666666667,26.6,3.1,1,16.3
"1083",2019-12-19,2019,12,1616.216928,227.5,26.9,3.8,0,15.3
"1084",2019-12-20,2019,12,1573.859984,227.333333333333,26.4,3.9,0,14
"1085",2019-12-21,2019,12,1493.229608,227.125,26.4,4.2,1,13.5
"1086",2019-12-22,2019,12,1455.351128,230.458333333333,26.7,3.8,1,14.8
"1087",2019-12-23,2019,12,1589.756432,232.208333333333,25.9,2.6,0,13.9
"1088",2019-12-24,2019,12,1532.46304,232.458333333333,24.7,3.2,0,12.8
"1089",2019-12-25,2019,12,1401.897608,232.083333333333,24.4,3.5,1,12.2
"1090",2019-12-26,2019,12,1472.03928,231.375,24.5,3.5,0,14.6
"1091",2019-12-27,2019,12,1447.227976,229.625,24.7,4,0,16.6
"1092",2019-12-28,2019,12,1391.082312,230.541666666667,24.9,4.2,1,14
"1093",2019-12-29,2019,12,1336.745744,230.166666666667,24.5,3.5,1,15.5
"1094",2019-12-30,2019,12,1437.0872,229.875,24,3.1,0,15.9
"1095",2019-12-31,2019,12,1438.983992,230.708333333333,24.4,3.8,0,15.4
"1096",2020-01-01,2020,1,1340.250528,231.75,22.9,5.3,1,16.6
"1097",2020-01-02,2020,1,1332.366192,234.625,19.9,6.8,0,16.1
"1098",2020-01-03,2020,1,1278.58,232,19.4,6,0,17.8
"1099",2020-01-04,2020,1,1252.58112,231.791666666667,20.6,6,1,20.1
"1100",2020-01-05,2020,1,1235.11,228,21.5,4.7,1,20.8
"1101",2020-01-06,2020,1,1287.245136,226.375,22.7,3.7,0,19.7
"1102",2020-01-07,2020,1,1314.75352,224.25,23.8,3.6,0,18.5
"1103",2020-01-08,2020,1,1342.234656,212.541666666667,24.4,3.1,0,17.3
"1104",2020-01-09,2020,1,1386.57,212.083333333333,25.6,2.9,0,16.6
"1105",2020-01-10,2020,1,1417.95,217.416666666667,27.1,2.7,0,16.1
"1106",2020-01-11,2020,1,1413.53,215.875,26.7,2.6,1,16.6
"1107",2020-01-12,2020,1,1422.00056,217.458333333333,27.9,1.8,1,17.1
"1108",2020-01-13,2020,1,1497.59,220.625,25.7,4.5,0,14.1
"1109",2020-01-14,2020,1,1438.012872,232.083333333333,24.5,4.3,0,12.1
"1110",2020-01-15,2020,1,1455.058088,237.041666666667,25.3,4,0,15.6
"1111",2020-01-16,2020,1,1484.612936,234.458333333333,25.2,4.4,0,15.4
"1112",2020-01-17,2020,1,1413.3,231.416666666667,23.7,4.5,0,18.6
"1113",2020-01-18,2020,1,1362.36,236.541666666667,23.3,4.7,1,19.8
"1114",2020-01-19,2020,1,1322.1,240.291666666667,23.6,4.6,1,22.3
"1115",2020-01-20,2020,1,1408.941704,238.958333333333,25.3,2.8,0,20.3
"1116",2020-01-21,2020,1,1475.260352,238.333333333333,26.4,3.2,0,20
"1117",2020-01-22,2020,1,1511.765272,240.666666666667,27,3.5,0,17.2
"1118",2020-01-23,2020,1,1533.40696,238.833333333333,27.5,5.7,0,10.2
"1119",2020-01-24,2020,1,1494.748712,243.541666666667,26.7,5.8,0,9.1
"1120",2020-01-25,2020,1,1468.159912,241.708333333333,26.7,5.7,1,8.3
"1121",2020-01-26,2020,1,1428.67,242,26.1,5,1,9
"1122",2020-01-27,2020,1,1508.81876,247.75,25.2,4.3,0,9.5
"1123",2020-01-28,2020,1,1506.745136,240.208333333333,25.7,4.5,0,8.6
"1124",2020-01-29,2020,1,1526.462312,240.916666666667,26.5,4,0,7.5
"1125",2020-01-30,2020,1,1577.5402592,248.875,27.7,4.9,0,8.8
"1126",2020-01-31,2020,1,1620.27288,250.708333333333,27.8,5.1,0,11.1
"1127",2020-02-01,2020,2,1542.190552,252.583333333333,27.1,4.2,1,11.9
"1128",2020-02-02,2020,2,1474.47808,256.25,25.9,3.8,1,11.5
"1129",2020-02-03,2020,2,1590.139392,255.583333333333,25.7,3.5,0,11.9
"1130",2020-02-04,2020,2,1579.27528,256.083333333333,25.8,3.8,0,11.5
"1131",2020-02-05,2020,2,1565.45588,258.75,25.4,4.1,0,11.9
"1132",2020-02-06,2020,2,1575.233488,259.75,26.1,3.5,0,12.3
"1133",2020-02-07,2020,2,1563.34408,260.5,25.6,3.5,0,11.6
"1134",2020-02-08,2020,2,1508.347,261.625,26.3,4.9,1,11.9
"1135",2020-02-09,2020,2,1472.08208,257.25,26.8,4.7,1,13.6
"1136",2020-02-10,2020,2,1643.829944,255.458333333333,27.7,5.3,0,10
"1137",2020-02-11,2020,2,1653.802816,263.125,27.8,5.9,0,8.4
"1138",2020-02-12,2020,2,1636.034104,250.625,26.8,6.2,0,9.3
"1139",2020-02-13,2020,2,1608.008784,263.083333333333,25.8,5.2,0,9.2
"1140",2020-02-14,2020,2,1570.747048,267.583333333333,25.7,4.2,0,9.5
"1141",2020-02-15,2020,2,1522.636864,265.25,26.5,4.2,1,9
"1142",2020-02-16,2020,2,1513.322112,269.041666666667,27.9,4.2,1,8.7
"1143",2020-02-17,2020,2,1737.89644,269.75,28.3,3.9,0,10.2
"1144",2020-02-18,2020,2,1784.670488,270.541666666667,28.4,3.8,0,11.7
"1145",2020-02-19,2020,2,1759.44,273.5,27.9,4.5,0,12.7
"1146",2020-02-20,2020,2,1780.985208,273.833333333333,27.8,4.2,0,12.3
"1147",2020-02-21,2020,2,1755.938192,267.541666666667,28.2,4.3,0,12.5
"1148",2020-02-22,2020,2,1708.72,253.875,29.2,4.7,1,10.6
"1149",2020-02-23,2020,2,1695.5,261.291666666667,29.7,5.2,1,9.5
"1150",2020-02-24,2020,2,1882.56056,280.375,29.1,5.9,0,10.1
"1151",2020-02-25,2020,2,1799.295656,283.791666666667,26.8,4.7,0,12.5
"1152",2020-02-26,2020,2,1793.24,277.583333333333,27.7,3.7,0,12.4
"1153",2020-02-27,2020,2,1846.04,277.75,29.2,2.9,0,11.5
"1154",2020-02-28,2020,2,1879.939304,274.583333333333,30,2.8,0,10.7
"1155",2020-02-29,2020,2,1844.220456,277.958333333333,30.9,2.7,1,10.7
"1156",2020-03-01,2020,3,1853.583576,279.791666666667,31.3,2.3,1,10.7
"1157",2020-03-02,2020,3,2153.6008,273.625,32.1,2.7,0,10.3
"1158",2020-03-03,2020,3,2210.72528,284.666666666667,32.7,3.2,0,10.3
"1159",2020-03-04,2020,3,2253.539344,291.833333333333,32.6,4,0,8.1
"1160",2020-03-05,2020,3,2280.091144,292.458333333333,31.9,2.4,0,7.8
"1161",2020-03-06,2020,3,2204.09,292.708333333333,32,2.4,0,8.2
"1162",2020-03-07,2020,3,2078.936752,293.458333333333,32.2,2.1,1,8.5
"1163",2020-03-08,2020,3,2104.16288,289.875,32.7,1.4,1,10.5
"1164",2020-03-09,2020,3,2396.818272,293.666666666667,33,2.5,0,7.6
"1165",2020-03-10,2020,3,2340.707488,280.291666666667,32,3,0,7.4
"1166",2020-03-11,2020,3,2341.944032,294.125,30.9,2.4,0,8.9
"1167",2020-03-12,2020,3,2315.175176,298.125,31.3,5.2,0,7.9
"1168",2020-03-13,2020,3,2207.07,303.083333333333,30.4,5.5,0,9.2
"1169",2020-03-14,2020,3,2069.41464,302.833333333333,31.5,3.1,1,8.2
"1170",2020-03-15,2020,3,2025.540136,302.791666666667,31.3,3.6,1,9
"1171",2020-03-16,2020,3,2328.768768,297.5,32.9,3.4,0,7.5
"1172",2020-03-17,2020,3,2398.7,298.875,33.2,2.7,0,7.4
"1173",2020-03-18,2020,3,2425.037992,297.541666666667,33.5,2.3,0,7.9
"1174",2020-03-19,2020,3,2533.57344,299.208333333333,35.2,2.3,0,11.8
"1175",2020-03-20,2020,3,2675.165624,299.333333333333,35.6,2.8,0,28.4
"1176",2020-03-21,2020,3,2525.361536,288.541666666667,36.6,2.1,1,22.5
"1177",2020-03-22,2020,3,2450.336936,285.25,35.8,3.4,1,13.7
"1178",2020-03-23,2020,3,2718.021688,299.416666666667,35.3,2.7,0,11.6
"1179",2020-03-24,2020,3,2705.666288,284.708333333333,32.6,4.6,0,36
"1180",2020-03-25,2020,3,2574.305096,292.5,33.1,5,0,17.4
"1181",2020-03-26,2020,3,2487.522808,300.916666666667,32.9,4.5,0,8.6
"1182",2020-03-27,2020,3,2399.87436,308.125,33.4,2.9,0,8.3
"1183",2020-03-28,2020,3,2329.921256,296.25,34.6,2.2,1,7.5
"1184",2020-03-29,2020,3,2288.962888,283.958333333333,34.9,3.7,1,7.3
"1185",2020-03-30,2020,3,2586.152192,296.291666666667,35.3,3.4,0,8.2
"1186",2020-03-31,2020,3,2624.360488,306.5,35.7,2.6,0,9.4
"1187",2020-04-01,2020,4,2665.47752,310.083333333333,35.9,3.7,0,9.1
"1188",2020-04-02,2020,4,2621.038864,311.791666666667,35.4,2,0,10
"1189",2020-04-03,2020,4,2640.570928,315.875,36.3,2,0,9.8
"1190",2020-04-04,2020,4,2554.8952,317.541666666667,36.5,1.7,1,7.9
"1191",2020-04-05,2020,4,2523.684592,317.25,35.9,3.8,1,19.4
"1192",2020-04-06,2020,4,2691.03428,320.791666666667,38.1,1.8,0,6.8
"1193",2020-04-07,2020,4,2806.238672,317.458333333333,36.6,2.8,0,18.8
"1194",2020-04-08,2020,4,2851.101216,301.083333333333,36,2.9,0,25.2
"1195",2020-04-09,2020,4,2778.397504,299.083333333333,35.1,2.9,0,24.3
"1196",2020-04-10,2020,4,2771.953064,277.416666666667,32.9,3.7,0,31.7
"1197",2020-04-11,2020,4,2614.84392,289.375,35.4,2.3,1,21.2
"1198",2020-04-12,2020,4,2495.59757144,318.375,35.6,2.4,1,15.4
"1199",2020-04-13,2020,4,2538.085072,320.041666666667,36.1,3.9,1,10.3
"1200",2020-04-14,2020,4,2761.162688,323.25,36.3,2.6,0,12.8
"1201",2020-04-15,2020,4,2805.67432,316.875,36.9,2.2,0,13.1
"1202",2020-04-16,2020,4,2912.419672,301.583333333333,37.8,4.5,0,6.3
"1203",2020-04-17,2020,4,2884.727896,327.333333333333,37.6,4.7,0,6.4
"1204",2020-04-18,2020,4,2684.030448,326.583333333333,36.2,2.9,1,16.6
"1205",2020-04-19,2020,4,2680.41216,321.375,36.2,3.9,1,25.2
"1206",2020-04-20,2020,4,2905.160088,318.583333333333,34.4,5.4,0,35.8
"1207",2020-04-21,2020,4,2825.425456,318.333333333333,34.1,3.5,0,27.6
"1208",2020-04-22,2020,4,2850.417376,320.291666666667,37.1,2.2,0,13.8
"1209",2020-04-23,2020,4,2932.476696,321.958333333333,37.2,3.1,0,16
"1210",2020-04-24,2020,4,3008.632168,323.375,36.2,4,1,28.5
"1211",2020-04-25,2020,4,3071.789096,323.041666666667,38,3.8,1,23.5
"1212",2020-04-26,2020,4,3021.307536,322.208333333333,36.6,4.5,1,26.3
"1213",2020-04-27,2020,4,3221.4446,321.166666666667,35.9,3.6,0,30
"1214",2020-04-28,2020,4,3198.982392,323.666666666667,37.6,3.6,0,24.3
"1215",2020-04-29,2020,4,3314.630728,323.791666666667,37.4,3.8,0,24.7
"1216",2020-04-30,2020,4,3199.064008,323.208333333333,35.6,4.6,0,26.6
"1217",2020-05-01,2020,5,3032.689464,321.916666666667,36.6,3.7,1,25.7
"1218",2020-05-02,2020,5,3164.014648,319.333333333333,38.2,4.1,1,23.2
"1219",2020-05-03,2020,5,3134.200576,314.666666666667,37.2,4.3,1,29.2
"1220",2020-05-04,2020,5,3326.649576,316.958333333333,32.1,5.1,0,45.1
"1221",2020-05-05,2020,5,2928.989496,328.291666666667,31.9,2.4,0,44.5
"1222",2020-05-06,2020,5,3044.4614368,335.291666666667,35.1,2,0,27.2
"1223",2020-05-07,2020,5,3051.997648,334.125,34.7,2.2,0,16
"1224",2020-05-08,2020,5,3098.68652,326.666666666667,36.1,3.7,0,24.7
"1225",2020-05-09,2020,5,3050.720744,318.208333333333,36.7,3.7,1,25.7
"1226",2020-05-10,2020,5,3027.4286,318.708333333333,35.8,3.2,1,29.2
"1227",2020-05-11,2020,5,3165.010112,323.791666666667,34.4,4.6,0,35.4
"1228",2020-05-12,2020,5,3099.30712256,325.458333333333,35.4,3.3,0,32
"1229",2020-05-13,2020,5,3194.128112,326.25,35.3,4.6,0,26.9
"1230",2020-05-14,2020,5,3326.948728,328,37,2.9,0,22.8
"1231",2020-05-15,2020,5,3325.496832,322.75,36.4,4.1,0,30.3
"1232",2020-05-16,2020,5,3217.51056,318.958333333333,36.6,5,1,31.3
"1233",2020-05-17,2020,5,2868.008928,317.5,32.7,5.8,1,38.7
"1234",2020-05-18,2020,5,3076.622792,320.583333333333,34.6,3,0,32.2
"1235",2020-05-19,2020,5,3292.938976,321.375,36,5.2,0,32.6
"1236",2020-05-20,2020,5,3098.1936,322.583333333333,35.5,4.7,0,25.2
"1237",2020-05-21,2020,5,3225.151544,314.25,35.9,4.6,1,20.2
"1238",2020-05-22,2020,5,3116.535824,309.833333333333,36.3,4.2,0,10.6
"1239",2020-05-23,2020,5,3099.83,286.416666666667,35.8,3.1,1,19.9
"1240",2020-05-24,2020,5,2693.908744,285.833333333333,33.8,4.9,1,36.1
"1241",2020-05-25,2020,5,2957.534384,296.875,33.6,2.6,0,34.9
"1242",2020-05-26,2020,5,3093.833368,285.916666666667,34.6,3.5,0,40.2
"1243",2020-05-27,2020,5,3078.292344,274.208333333333,30.5,5.5,0,56.9
"1244",2020-05-28,2020,5,3312.9,291.458333333333,30.7,4,0,47
"1245",2020-05-29,2020,5,3210.07056,305,36,3,0,30.4
"1246",2020-05-30,2020,5,3168.42,314.083333333333,35.8,4.3,1,34.6
"1247",2020-05-31,2020,5,2707.44,314.208333333333,34.4,5.3,1,40.6
"1248",2020-06-01,2020,6,2969.678072,314.041666666667,35.9,4.3,0,31.9
"1249",2020-06-02,2020,6,3327.340008,311.541666666667,34.7,5.5,0,41.2
"1250",2020-06-03,2020,6,3105.192496,295.541666666667,34.7,4.4,0,38
"1251",2020-06-04,2020,6,3117.025104,307.416666666667,34.8,4.8,0,40.5
"1252",2020-06-05,2020,6,3137.331856,303.708333333333,34.6,4.5,0,39.7
"1253",2020-06-06,2020,6,2986.27,309.541666666667,34.4,3.3,1,34.3
"1254",2020-06-07,2020,6,2978.052808,305.791666666667,31.7,4.7,1,43.8
"1255",2020-06-08,2020,6,2827.798088,315.458333333333,33.6,3.3,0,37.7
"1256",2020-06-09,2020,6,3144.054,318.625,32.4,5.8,0,42.7
"1257",2020-06-10,2020,6,2900.74,317.125,31.9,3,0,39.2
"1258",2020-06-11,2020,6,2918.273632,316.333333333333,33.7,5,0,36.5
"1259",2020-06-12,2020,6,3156.11,311.708333333333,31.9,4.5,0,42.5
"1260",2020-06-13,2020,6,2979.44288,310.666666666667,33.6,3.3,1,41.9
"1261",2020-06-14,2020,6,2665.914824,307.125,28.4,4.5,1,63.5
"1262",2020-06-15,2020,6,2613.43,317,31.6,3.1,0,54.8
"1263",2020-06-16,2020,6,2957.740376,321.833333333333,34.6,4.3,0,43
"1264",2020-06-17,2020,6,3091.5668,319.833333333333,34.4,4.7,0,46.5
"1265",2020-06-18,2020,6,2826.76868,311.625,29.8,4.7,0,54.3
"1266",2020-06-19,2020,6,2957.63,308.208333333333,30.9,4.1,0,54.6
"1267",2020-06-20,2020,6,2989.352632,320,31.3,4.8,1,48.1
"1268",2020-06-21,2020,6,2697.53644,321.791666666667,33.6,3.9,1,44.9
"1269",2020-06-22,2020,6,2917.594048,320.875,33.4,4,0,47.1
"1270",2020-06-23,2020,6,3060.46396,316.458333333333,33.4,3.4,0,45.1
"1271",2020-06-24,2020,6,2807.44104,315.833333333333,30.4,3.4,0,53.2
"1272",2020-06-25,2020,6,2749.398712,317.875,33.1,4,0,48.5
"1273",2020-06-26,2020,6,2864.80108,318.166666666667,34.5,5.1,0,43
"1274",2020-06-27,2020,6,2929.085744,318.041666666667,31.5,4.2,1,46.3
"1275",2020-06-28,2020,6,2677.970552,315.458333333333,30.4,4.6,1,55.2
"1276",2020-06-29,2020,6,2695.21,301.041666666667,30.7,4.4,0,52.9
"1277",2020-06-30,2020,6,2873.51588,299.5,30.3,3.3,0,55.2
"1278",2020-07-01,2020,7,2776.244088,311,32.9,2.5,0,45
"1279",2020-07-02,2020,7,2889.22,311.083333333333,33.7,3.5,0,43.6
"1280",2020-07-03,2020,7,2816.09224,313.541666666667,34.3,4.9,0,40.3
"1281",2020-07-04,2020,7,2473.99068,299.958333333333,29.1,5.8,1,57.3
"1282",2020-07-05,2020,7,2346.97704,301.25,30.4,3.5,1,54.2
"1283",2020-07-06,2020,7,2850.8076,312.666666666667,33.4,3.1,0,41.1
"1284",2020-07-07,2020,7,2960.769312,308.75,34.4,5.2,0,40.1
"1285",2020-07-08,2020,7,2885.991904,291.375,32.8,5.4,0,48.1
"1286",2020-07-09,2020,7,2917.44872,283.208333333333,32.9,4.1,0,47
"1287",2020-07-10,2020,7,2762.027528,294.125,27.4,4.4,0,71.1
"1288",2020-07-11,2020,7,2553.311104,300.583333333333,28.3,2.3,1,67.1
"1289",2020-07-12,2020,7,2290.6834,274.166666666667,29.5,4.4,1,62.6
"1290",2020-07-13,2020,7,2501.44,284.75,28.2,2.9,0,68.3
"1291",2020-07-14,2020,7,2365.5,267.291666666667,28.1,3.8,0,73.4
"1292",2020-07-15,2020,7,2434.2,277.583333333333,25.7,2.6,0,81
"1293",2020-07-16,2020,7,2765,297.291666666667,28.7,2.7,0,68.4
"1294",2020-07-17,2020,7,2456.735816,284.041666666667,28.4,3,0,69.6
"1295",2020-07-18,2020,7,2484.47,272.416666666667,29.5,3.4,1,64.9
"1296",2020-07-19,2020,7,2039.14,291,25.8,2.4,1,83.5
"1297",2020-07-20,2020,7,2320.46,296.458333333333,29.4,2.3,0,63.7
"1298",2020-07-21,2020,7,2421.705232,293.208333333333,25.8,3.5,0,76.7
"1299",2020-07-22,2020,7,2330.456864,297.708333333333,27.6,1.7,0,69.8
"1300",2020-07-23,2020,7,2429.726392,296.333333333333,29.9,2.7,0,67.4
"1301",2020-07-24,2020,7,2457.34,283.041666666667,29.3,3.8,0,61.7
"1302",2020-07-25,2020,7,2425.239344,297.666666666667,30.5,3.3,1,58.3
"1303",2020-07-26,2020,7,2343.55732,300.208333333333,29.6,3.3,1,66.1
"1304",2020-07-27,2020,7,2337.338648,273.541666666667,26.5,3.8,0,82.6
"1305",2020-07-28,2020,7,2324.11,278.625,26.1,2.1,0,82.1
"1306",2020-07-29,2020,7,2458.31,297.458333333333,29.7,2.8,0,64.5
"1307",2020-07-30,2020,7,2605.07936,298.333333333333,31.9,4,0,53.9
"1308",2020-07-31,2020,7,2414.106296,288.541666666667,26.3,3.5,1,77.7
"1309",2020-08-01,2020,8,2287.38,251.041666666667,28.3,3.7,1,70.4
"1310",2020-08-02,2020,8,2172.911128,237.916666666667,29.3,4.3,1,66.4
"1311",2020-08-03,2020,8,2011.174656,244.333333333333,26.1,3.7,1,86.7
"1312",2020-08-04,2020,8,2230.669912,263.166666666667,26.7,3.3,0,79.2
"1313",2020-08-05,2020,8,2297.53,280.625,28.4,4.3,0,69.2
"1314",2020-08-06,2020,8,2456.52,262.125,30.4,4.4,0,62.4
"1315",2020-08-07,2020,8,2244,244.416666666667,23.6,3.8,0,96.4
"1316",2020-08-08,2020,8,1921.84,253.625,26.3,2.9,1,84.1
"1317",2020-08-09,2020,8,1859.92,277.458333333333,27.6,4.1,1,74.7
"1318",2020-08-10,2020,8,2141.746848,245.083333333333,26.9,3.2,0,82.2
"1319",2020-08-11,2020,8,1963.032816,255.125,24.9,3.3,0,92.5
"1320",2020-08-12,2020,8,2024.303488,261.458333333333,26.9,2.3,0,78.3
"1321",2020-08-13,2020,8,2275.75052,280.541666666667,30.2,3.3,0,65
"1322",2020-08-14,2020,8,2429.657576,299.25,30.4,3.5,0,65.9
"1323",2020-08-15,2020,8,2034.022776,285.75,26.5,2.8,1,75.9
"1324",2020-08-16,2020,8,2025.952392,292.833333333333,29.4,4.2,1,63.7
"1325",2020-08-17,2020,8,2436.395736,298.416666666667,30.9,3.4,0,58.1
"1326",2020-08-18,2020,8,2316.071064,291.166666666667,27.6,2.6,0,77.9
"1327",2020-08-19,2020,8,2483.519704,301.041666666667,30.2,2.9,0,64.2
"1328",2020-08-20,2020,8,2397.779328,304,28.7,3.3,1,73.1
"1329",2020-08-21,2020,8,2286.09344,263.875,29.4,3.8,0,68.5
"1330",2020-08-22,2020,8,2058.47,283.375,26.4,2.3,1,80.1
"1331",2020-08-23,2020,8,2082.81,254.958333333333,28.7,2.8,1,72.6
"1332",2020-08-24,2020,8,1988.204544,257.458333333333,24.8,3.1,0,90.3
"1333",2020-08-25,2020,8,1983.34704,271.791666666667,26,1.8,0,80.1
"1334",2020-08-26,2020,8,2211.76872,267.333333333333,28.5,1.9,0,71.7
"1335",2020-08-27,2020,8,2241.07,261.708333333333,27.1,3,0,81.2
"1336",2020-08-28,2020,8,2204.830568,256.291666666667,27.8,3.3,0,76.1
"1337",2020-08-29,2020,8,2083.511736,264.375,28.2,3.7,1,68.7
"1338",2020-08-30,2020,8,1989.627576,262.291666666667,26.9,2.8,1,78.8
"1339",2020-08-31,2020,8,2276.30468,279.125,28.2,2.1,0,72.1
"1340",2020-09-01,2020,9,2379.496016,285.958333333333,28.7,3.2,0,69.6
"1341",2020-09-02,2020,9,2142.29,260.666666666667,24.9,1.5,0,89.2
"1342",2020-09-03,2020,9,2232.787152,255.5,28.6,2,0,67.9
"1343",2020-09-04,2020,9,2354.252248,281.291666666667,28.3,2.8,0,75.7
"1344",2020-09-05,2020,9,2140.22,289.708333333333,28.6,2.5,1,68.8
"1345",2020-09-06,2020,9,1812.35,277.083333333333,24.6,2.2,1,89.2
"1346",2020-09-07,2020,9,2014.276976,264,26.7,2.5,0,81.2
"1347",2020-09-08,2020,9,2204.916272,293.666666666667,28.4,2.2,0,72.2
"1348",2020-09-09,2020,9,2320.08996,285.25,29,3.3,0,69.7
"1349",2020-09-10,2020,9,2337.041112,294.458333333333,28.6,2.8,0,69.6
"1350",2020-09-11,2020,9,1990.154392,291.583333333333,25.4,4.6,0,80
"1351",2020-09-12,2020,9,2019.150528,297.416666666667,29.5,1.9,1,66.5
"1352",2020-09-13,2020,9,2106.61,289.208333333333,29.4,3.2,1,64.9
"1353",2020-09-14,2020,9,2525.549792,295.208333333333,30.9,1.7,0,61.3
"1354",2020-09-15,2020,9,2698.51,284.125,32.1,3.5,0,58
"1355",2020-09-16,2020,9,2510.43,278.916666666667,27.7,3.4,0,72
"1356",2020-09-17,2020,9,2119.02,240.5,25.6,3.8,0,87.1
"1357",2020-09-18,2020,9,2178.6552,276.208333333333,28.1,2.6,0,77.5
"1358",2020-09-19,2020,9,2219.31,295.958333333333,31,3.1,1,61.4
"1359",2020-09-20,2020,9,2303.307952,295.416666666667,30.7,4.3,1,67.5
"1360",2020-09-21,2020,9,2507.5288256,281.041666666667,29.1,3.9,0,64.8
"1361",2020-09-22,2020,9,2210.761552,278.875,26.8,2.2,0,79.2
"1362",2020-09-23,2020,9,2413.03,294.791666666667,30.3,2,0,61.6
"1363",2020-09-24,2020,9,2546.328624,291.583333333333,31.7,3,0,57.9
"1364",2020-09-25,2020,9,2538.95,289.166666666667,30.7,3.5,0,55.2
"1365",2020-09-26,2020,9,2391.886352,286.791666666667,30.6,3.1,1,59.4
"1366",2020-09-27,2020,9,2306.430448,280.291666666667,30.4,3.2,1,58
"1367",2020-09-28,2020,9,2603.69,276.166666666667,31.2,2.5,0,53.7
"1368",2020-09-29,2020,9,2713.7498,274.833333333333,32.3,2.3,0,50.1
"1369",2020-09-30,2020,9,2759.47752,278.5,31.3,3.9,0,58.2
"1370",2020-10-01,2020,10,2624.331016,281.083333333333,29.8,3.8,0,60.4
"1371",2020-10-02,2020,10,2590.82708,273.833333333333,30.8,2.6,0,54.9
"1372",2020-10-03,2020,10,2496.169056,266.583333333333,27.3,3.5,1,72.4
"1373",2020-10-04,2020,10,1969.99,268.041666666667,27.1,1.4,1,75.5
"1374",2020-10-05,2020,10,2492.402288,274.041666666667,30.7,2,0,60.2
"1375",2020-10-06,2020,10,2674.16,275.458333333333,31.7,2.9,0,52.8
"1376",2020-10-07,2020,10,2707.210424,269.125,30.3,4.4,0,58.3
"1377",2020-10-08,2020,10,2621.59,273.375,30.7,2.7,0,54.9
"1378",2020-10-09,2020,10,2230.319624,245.625,26.2,3.4,0,72.2
"1379",2020-10-10,2020,10,2109.56,260.083333333333,29.2,2,1,62.1
"1380",2020-10-11,2020,10,2169.309248,275.166666666667,30.1,2.6,1,52.8
"1381",2020-10-12,2020,10,2576.786824,276.333333333333,30.6,2.6,0,53.5
"1382",2020-10-13,2020,10,2641.949304,275.708333333333,32.6,2.8,0,43.8
"1383",2020-10-14,2020,10,2720.98,271.375,32.7,3.1,0,48.1
"1384",2020-10-15,2020,10,2773.388584,268.833333333333,32.3,2.9,0,52.3
"1385",2020-10-16,2020,10,2716.5934,265.708333333333,32.7,2.8,0,46.9
"1386",2020-10-17,2020,10,2558.89,265.625,32.8,2.7,1,43.9
"1387",2020-10-18,2020,10,2476.28412,269,32.3,2.5,1,46.3
"1388",2020-10-19,2020,10,2768.652328,269.958333333333,32.5,2.8,0,43.5
"1389",2020-10-20,2020,10,2716.940904,269.125,32.2,2.4,0,43.2
"1390",2020-10-21,2020,10,2744.401968,269.791666666667,33.2,1.9,0,37.1
"1391",2020-10-22,2020,10,2726.825208,272.166666666667,33.2,2.2,0,26.5
"1392",2020-10-23,2020,10,2503.553304,272.791666666667,32.3,3.3,0,21.1
"1393",2020-10-24,2020,10,2248.09,272.75,31.1,2.6,1,22.6
"1394",2020-10-25,2020,10,2135.1238,272.25,30.7,2.7,1,24.1
"1395",2020-10-26,2020,10,2390.38,271.166666666667,30.6,2.1,0,24.6
"1396",2020-10-27,2020,10,2331.27776,269.5,30.8,1.9,0,21.5
"1397",2020-10-28,2020,10,2262.55,266.166666666667,30.3,1.6,0,20.9
"1398",2020-10-29,2020,10,2080.754672,263.083333333333,30.8,1.7,1,23.7
"1399",2020-10-30,2020,10,2279.07,261.958333333333,31.1,2.1,0,21.4
"1400",2020-10-31,2020,10,2127.763512,261.416666666667,31.4,2.9,1,18.7
"1401",2020-11-01,2020,11,2480.859832,260.75,30.2,3.6,1,20.1
"1402",2020-11-02,2020,11,2203.681624,259.958333333333,31.4,3.2,0,20.1
"1403",2020-11-03,2020,11,2115.56,252.791666666667,30.2,3.2,0,23.8
"1404",2020-11-04,2020,11,2411.69932,240.625,31.5,3.7,0,20.4
"1405",2020-11-05,2020,11,2377.67752,252.083333333333,31.6,3.3,0,19.2
"1406",2020-11-06,2020,11,2386.9,256.875,30.9,3.4,0,20.4
"1407",2020-11-07,2020,11,2420.227048,256.041666666667,29.2,2.8,1,21.4
"1408",2020-11-08,2020,11,2326.232448,253.708333333333,28.7,3.5,1,20.4
"1409",2020-11-09,2020,11,2327.485552,251.708333333333,28.3,2.8,0,22.2
"1410",2020-11-10,2020,11,2101.811696,250.375,28.6,3,0,22.9
"1411",2020-11-11,2020,11,2385.47,249.291666666667,28.6,3.1,0,24.1
"1412",2020-11-12,2020,11,2264.776856,247.416666666667,27.8,3.7,0,23.7
"1413",2020-11-13,2020,11,2114.557824,245.333333333333,27.9,3.9,0,21.5
"1414",2020-11-14,2020,11,2106.88972,243.541666666667,28.4,3.8,1,22.4
"1415",2020-11-15,2020,11,2019.503424,245.208333333333,29.7,3.9,1,22.9
"1416",2020-11-16,2020,11,1957.522296,244.791666666667,29.2,3.3,0,23.2
"1417",2020-11-17,2020,11,1922.866272,244.208333333333,29.3,3.3,0,23.8
"1418",2020-11-18,2020,11,2213.18,244.958333333333,28.4,3.1,0,25.9
"1419",2020-11-19,2020,11,2230.32,245.291666666667,27.8,3,0,23.9
"1420",2020-11-20,2020,11,2220.94,243.208333333333,27.3,3.3,0,21.7
"1421",2020-11-21,2020,11,2221.69988,241.458333333333,26.8,2.6,1,24.6
"1422",2020-11-22,2020,11,2147.79,239.625,27.3,2.2,1,21.8
"1423",2020-11-23,2020,11,2009.953952,238.541666666667,28.1,2.7,0,20.1
"1424",2020-11-24,2020,11,1965.68,237.25,28.1,2.6,0,19.1
"1425",2020-11-25,2020,11,2237.51056,236.625,28.4,2,0,19.1
"1426",2020-11-26,2020,11,2228.27,235.083333333333,28.8,1.8,0,21
"1427",2020-11-27,2020,11,2224.504624,233.166666666667,29.9,1.5,0,26.7
"1428",2020-11-28,2020,11,2199.57,231.458333333333,30.6,1.4,1,27.6
"1429",2020-11-29,2020,11,2084.49,232,30.8,2.5,1,24.8
"1430",2020-11-30,2020,11,1924.222936,232.208333333333,30.3,3.2,0,21.8
"1431",2020-12-01,2020,12,1820.022024,231.333333333333,29.8,3.2,0,18.9
"1432",2020-12-02,2020,12,2022.958168,231.041666666667,29.8,2.9,0,19.7
"1433",2020-12-03,2020,12,2022.958168,228.583333333333,29.6,2.3,0,19.5
"1434",2020-12-04,2020,12,2022.958168,226.541666666667,30.2,1.4,0,19.4
"1435",2020-12-05,2020,12,1848.82808,227.666666666667,30.4,0.8,1,23.7
"1436",2020-12-06,2020,12,1788.041984,227.75,30,1.4,1,23.1
"1437",2020-12-07,2020,12,1670.479184,227.041666666667,30.1,2.1,0,20.9
"1438",2020-12-08,2020,12,1565.918336,227.375,30.3,2.7,0,17.9
"1439",2020-12-09,2020,12,1737.512288,227.041666666667,30.1,2.8,0,16.4
"1440",2020-12-10,2020,12,1749.32,224.875,29.9,2.2,0,16.7
"1441",2020-12-11,2020,12,1773.497688,219.583333333333,29.7,2.5,0,17.1
"1442",2020-12-12,2020,12,1814.007872,225.791666666667,29.6,2.3,1,16.9
"1443",2020-12-13,2020,12,1613.47512,226.5,29.6,1.6,1,19.4
"1444",2020-12-14,2020,12,1490.19228,226.333333333333,29.8,2.2,0,18.3
"1445",2020-12-15,2020,12,1417.105768,225.5,29.7,2.3,0,18.3
"1446",2020-12-16,2020,12,1569.016936,227.166666666667,29.1,3,0,18.3
"1447",2020-12-17,2020,12,1578.9,226.041666666667,28.4,2.7,0,18.3
"1448",2020-12-18,2020,12,1500.19,222.291666666667,28.4,2.7,1,16.9
"1449",2020-12-19,2020,12,1616.216928,223.125,27.5,2.9,1,19.5
"1450",2020-12-20,2020,12,1573.859984,219.833333333333,27.7,2.8,1,17.3
"1451",2020-12-21,2020,12,1493.229608,219.625,27.8,2.9,0,17.4
"1452",2020-12-22,2020,12,1455.351128,217.583333333333,27.4,3.2,0,17.6
"1453",2020-12-23,2020,12,1589.756432,222.125,26.7,3.8,0,16.6
"1454",2020-12-24,2020,12,1532.46304,224.583333333333,26.9,3.7,0,16.4
"1455",2020-12-25,2020,12,1401.897608,223.833333333333,26.1,4.7,1,18.1
"1456",2020-12-26,2020,12,1472.03928,225.458333333333,24.7,3.2,1,19.1
"1457",2020-12-27,2020,12,1447.227976,228.958333333333,24.1,3.4,1,20.7
"1458",2020-12-28,2020,12,1391.082312,227.625,24.4,3.3,0,19.7
"1459",2020-12-29,2020,12,1336.745744,227.75,24.8,2.8,0,18
"1460",2020-12-30,2020,12,1437.0872,227.166666666667,25.2,3,0,18
"1461",2020-12-31,2020,12,1438.983992,228,26.2,3.1,0,15.5
